YEAR,MODEL,ROW,STORE,COLOR,STOCK#,VIN,SET DATE
1992,FIREBIRD,211,HENDERSON,BLACK,H038197,1G2FS23E8NL219757,12-30-22
1985,FIREBIRD,211,HENDERSON,BLACK,H038109,1G2FS87S0FN238036,12-30-22
2000,CAMARO,211,HENDERSON,GRAY,H038597,2G1FP22K8Y2170822,12-30-22
1992,CAMARO,211,HENDERSON,WHITE,H037030,1G1FP23T6NL119970,12-30-22
1997,FIREBIRD,211,HENDERSON,SILVER,H037597,2G2FS22K2V2208342,12-30-22
1985,FIREBIRD,211,HENDERSON,BLUE,H037927,1G2FW87G3FL619486,12-30-22
1997,FIREBIRD,211,HENDERSON,WHITE,H036475,2G2FS22K8V2205784,12-30-22
1995,CAMARO,211,HENDERSON,BURGUNDY,H036709,2G1FP22P4S2189533,12-30-22
1991,CAPRICE,210,HENDERSON,WHITE,H028120,1G1BN53E6MW206109,12-08-21
1992,ROADMASTER,210,HENDERSON,BLUE,H021153,1G4BT5372NR446252,12-08-21
1995,CAPRICE,210,HENDERSON,GOLD,H030557,1G1BL52W0SR116255,12-08-21
1991,CUSTOM CRUISER,210,HENDERSON,BLUE,H018613,1G3BP83E8MW302505,12-08-21
1994,ROADMASTER,210,HENDERSON,BURGUNDY,H020138,1G4BN52P1RR436572,12-08-21
2005,SONATA,115,HENDERSON,SILVER,H042269,KMHWF25S55A163965,11-16-23
2012,OPTIMA,115,HENDERSON,WHITE,H044620,5XXGM4A72CG037284,11-16-23
2013,SONATA,115,HENDERSON,BLACK,H044577,5NPEB4AC4DH617572,11-16-23
2009,SONATA,115,HENDERSON,GRAY,H044564,5NPET46C59H428880,11-16-23
2005,SONATA,115,HENDERSON,WHITE,H044398,KMHWF25S05A204471,11-16-23
2008,ACCENT,115,HENDERSON,BLACK,H044375,KMHCM36C98U068916,11-16-23
2007,ACCENT,115,HENDERSON,GRAY,H044545,KMHCN46C97U162876,11-16-23
2016,ELANTRA,115,HENDERSON,GRAY,H044483,5NPDH4AE9GH770349,11-16-23
2000,SONATA,115,HENDERSON,SILVER,H044674,KMHWF35V4YA315688,11-16-23
1996,X90,115,HENDERSON,BLUE,H044561,JS3LB11S0T4103821,11-16-23
1998,ELANTRA,115,HENDERSON,TAN,H044422,KMHJF24M4WU688920,11-16-23
2012,OPTIMA,115,HENDERSON,GRAY,H044472,5XXGM4A77CG034154,11-16-23
2005,ELANTRA,115,HENDERSON,SILVER,H044651,KMHDN46D85U045980,11-16-23
2002,XG SERIES,115,HENDERSON,GRAY,H042178,KMHFU45E72A232386,11-16-23
2004,OPTIMA,115,HENDERSON,SILVER,H042859,KNAGD126245265423,11-16-23
2004,OPTIMA,115,HENDERSON,GOLD,H044605,KNAGD126945303665,11-16-23
2001,ESTEEM,115,HENDERSON,WHITE,H044667,JS2GB41S715211965,11-16-23
2011,SONATA,115,HENDERSON,BLACK,H044613,5NPEB4AC3BH237684,11-16-23
1999,CIVIC,110,HENDERSON,SILVER,H044392,1HGEJ8251XL009908,11-15-23
1991,CIVIC,110,HENDERSON,ORANGE,H044369,2HGED736XMH577818,11-15-23
1998,CL,110,HENDERSON,RED,H044653,19UYA2258WL003550,11-15-23
1997,RL,110,HENDERSON,SILVER,H044370,JH4KA9650VC014241,11-15-23
1995,CIVIC,110,HENDERSON,GRAY,H044533,JHMEG8659SS045463,11-15-23
1998,ACCORD,110,HENDERSON,SILVER,H042710,1HGCG5655WA108921,11-15-23
1997,TL,110,HENDERSON,WHITE,H044685,JH4UA3641VC011989,11-15-23
2002,ACCORD,110,HENDERSON,YELLOW,H044405,JHMCG564X2C000829,11-15-23
2000,ACCORD,110,HENDERSON,BLACK,H044606,1HGCG3245YA015529,11-15-23
2003,ACCORD,110,HENDERSON,GRAY,H044498,1HGCM66573A066133,11-15-23
2001,ACCORD,110,HENDERSON,GREEN,H044615,1HGCG16591A058493,11-15-23
1995,ACCORD,110,HENDERSON,TEAL,H044526,JHMCD5633SC032568,11-15-23
2002,ACCORD,110,HENDERSON,SILVER,H044582,1HGCG66832A134735,11-15-23
2005,ACCORD,110,HENDERSON,BLACK,H044531,1HGCM66525A029543,11-15-23
2004,TL,110,HENDERSON,GRAY,H044341,19UUA66224A042732,11-15-23
2004,CIVIC,110,HENDERSON,SILVER,H044507,2HGES26714H556689,11-15-23
1996,ACCORD,110,HENDERSON,GRAY,H042738,1HGCD5556TA131162,11-15-23
2004,TSX,110,HENDERSON,SILVER,H044407,JH4CL96844C035634,11-15-23
1996,BLAZER S10/JIMMY S15,314,HENDERSON,RED,H043983,1GCCS1443T8150345,11-14-23
2002,TRAILBLAZER,314,HENDERSON,GOLD,H043374,1GNDT13S822268465,11-14-23
2005,TRAILBLAZER,314,HENDERSON,GRAY,H044609,1GNDS13S552185017,11-14-23
2008,TRAILBLAZER,314,HENDERSON,GRAY,H044563,1GNDT13S782121062,11-14-23
1995,CIVIC,109,HENDERSON,RED,H044335,JHMEG865XSS013220,11-14-23
2003,BLAZER S10/JIMMY S15,314,HENDERSON,BLACK,H044358,1GCCS14X538261764,11-14-23
2007,TRAILBLAZER,314,HENDERSON,WHITE,H044492,1GNDS13S472276329,11-14-23
2004,MONTANA,312,HENDERSON,RED,H042391,1GMDX03E24D112121,11-14-23
1986,BLAZER S10/JIMMY S15,314,HENDERSON,BLUE,H043603,1G8CS18R2G8149791,11-14-23
2000,S10/S15/SONOMA,314,HENDERSON,BLACK,H044298,1GCCS1442YK185047,11-14-23
2003,RENDEZVOUS,314,HENDERSON,WHITE,H044458,3G5DA03E43S607867,11-14-23
2007,UPLANDER,314,HENDERSON,BLUE,H043543,1GNDV33W37D186518,11-14-23
2003,TRAILBLAZER,314,HENDERSON,BLACK,H043867,1GNDS13S932192095,11-14-23
2005,EQUINOX,314,HENDERSON,RED,H044388,2CNDL13F856069494,11-14-23
1997,SAFARI (GMC),312,HENDERSON,WHITE,H042259,1GKDM19W3VB554104,11-14-23
2002,TRAILBLAZER,314,HENDERSON,WHITE,H044154,1GNDS13S522390154,11-14-23
2002,TRAILBLAZER,314,HENDERSON,RED,H044343,1GNDS13S622276230,11-14-23
2004,BLAZER S10/JIMMY S15,314,HENDERSON,GOLD,H044379,1GNDT13X44K130341,11-14-23
1995,CIVIC,109,HENDERSON,GRAY,H044376,JHMEG8657SS028175,11-14-23
2004,TAURUS,304,HENDERSON,BURGUNDY,H042126,1FAFP56S94A164705,11-13-23
2002,TAURUS,304,HENDERSON,RED,H043308,1FAFP55262G217338,11-13-23
2008,SENTRA,107,HENDERSON,WHITE,H044491,3N1AB61E38L693319,11-13-23
1992,SABLE,304,HENDERSON,GOLD,H040374,1MELM5342NG624165,11-13-23
1999,ALTIMA,107,HENDERSON,GRAY,H044551,1N4DL01D5XC209517,11-13-23
1994,SENTRA,107,HENDERSON,SILVER,H044368,JN1EB31P7RU322897,11-13-23
2006,FIVE HUNDRED,304,HENDERSON,RED,H043034,1FAHP26186G148090,11-13-23
2001,MAXIMA,107,HENDERSON,WHITE,H044474,JN1CA31D01T823060,11-13-23
2005,ALTIMA,107,HENDERSON,GRAY,H044525,1N4AL11D25N428526,11-13-23
1986,UNKNOWN,224,HENDERSON,BROWN,H043158,1HFSC1428GA204895,11-13-23
2003,ALTIMA,107,HENDERSON,SILVER,H044332,1N4AL11D73C232333,11-13-23
2010,TAURUS,304,HENDERSON,SILVER,H043797,1FAHP2KTXAG139715,11-13-23
1979,UNKNOWN,224,HENDERSON,BLACK,H043963,GS850104496,11-13-23
2004,MAXIMA,107,HENDERSON,BLUE,H044331,1N4BA41E24C819805,11-13-23
2010,ALTIMA,107,HENDERSON,BLACK,H044488,1N4AL2EP1AC179149,11-13-23
2021,UNKNOWN,224,HENDERSON,WHITE,H042872,LL0TCAPH3MG010336,11-13-23
2012,SENTRA,107,HENDERSON,WHITE,H044465,3N1AB6AP2CL704711,11-13-23
2011,VERSA,107,HENDERSON,GRAY,H044486,3N1BC1AP3BL468508,11-13-23
2010,TAURUS,304,HENDERSON,SILVER,H043523,1FAHP2DW3AG169498,11-13-23
2007,TAURUS,304,HENDERSON,TAN,H042527,1FAFP56U47A178226,11-13-23
2003,UNKNOWN,224,HENDERSON,BLACK,H042855,JYARJ06E13A001191,11-13-23
2007,UNKNOWN,224,HENDERSON,SILVER,H042865,JKAEXEA157A021933,11-13-23
1999,TAURUS,304,HENDERSON,GRAY,H042754,1FAFP53U6XG245345,11-13-23
2000,TAURUS,304,HENDERSON,WHITE,H043452,1FAFP55S0YG156206,11-13-23
2014,VERSA,107,HENDERSON,BLACK,H044484,3N1CN7AP6EL850148,11-13-23
2005,MAXIMA,107,HENDERSON,BURGUNDY,H044313,1N4BA41E25C851316,11-13-23
1998,TAURUS,304,HENDERSON,BLUE,H044503,1FAFP52S6WG271765,11-13-23
2003,TAURUS,304,HENDERSON,SILVER,H043224,1FAFP53U23A257389,11-13-23
2005,FIVE HUNDRED,304,HENDERSON,WHITE,H043377,1FAFP24115G171610,11-13-23
2011,ALTIMA,107,HENDERSON,BLACK,H044481,1N4AL2AP3BN414856,11-13-23
1995,TAURUS,304,HENDERSON,SILVER,H042830,1FALP52U4SG325840,11-13-23
2003,ALTIMA,107,HENDERSON,GRAY,H044637,1N4AL11E63C324087,11-13-23
2010,ALTIMA,107,HENDERSON,RED,H044487,1N4AL2AP9AN513244,11-13-23
2003,TAURUS,304,HENDERSON,WHITE,H043004,1FAFP58283A199618,11-13-23
2013,ALTIMA,107,HENDERSON,BLACK,H044345,1N4AL3AP0DN468611,11-13-23
2006,FIVE HUNDRED,304,HENDERSON,BURGUNDY,H042337,1FAFP27196G177202,11-13-23
2005,FIVE HUNDRED,304,HENDERSON,SILVER,H042565,1FAHP28155G102468,11-13-23
1995,SABLE,304,HENDERSON,GOLD,H043372,1MELM50U7SG600931,11-13-23
2011,VERSA,107,HENDERSON,GRAY,H044621,3N1BC1CP5BL359822,11-13-23
2003,TAURUS,304,HENDERSON,WHITE,H042522,1FAFP52U63G276770,11-13-23
2010,MAXIMA,107,HENDERSON,SILVER,H044489,1N4AA5AP3AC807998,11-13-23
2003,DURANGO,319,HENDERSON,SILVER,H044182,1D4HR48ZX3F600340,11-10-23
2004,BMW 525i,124,HENDERSON,GRAY,H044262,WBANA53564B853971,11-10-23
2001,DAKOTA,319,HENDERSON,WHITE,H044246,1B7FL26P41S288953,11-10-23
1999,MERCEDES C-CLASS,124,HENDERSON,SILVER,H044404,WDBHA24G8XA738120,11-10-23
2004,DURANGO,319,HENDERSON,BLACK,H044244,1D4HD48D24F170629,11-10-23
2015,FIAT 500,124,HENDERSON,BLACK,H043786,3C3CFFAR4FT615811,11-10-23
1999,DODGE 3500 PICKUP,319,HENDERSON,SILVER,H044123,1B7MC3358XJ611951,11-10-23
1996,BMW 328i,124,HENDERSON,BURGUNDY,H044216,WBACD432XTAV35788,11-10-23
2005,DURANGO,319,HENDERSON,GRAY,H044065,1D8HB58D55F561284,11-10-23
2006,DURANGO,319,HENDERSON,WHITE,H043729,1D4HB48N26F134604,11-10-23
2004,BMW X3,124,HENDERSON,SILVER,H044326,WBXPA73424WB29093,11-10-23
2000,DURANGO,319,HENDERSON,BLACK,H043621,1B4HS28N3YF285551,11-10-23
2000,DURANGO,319,HENDERSON,SILVER,H044022,1B4HR28Y8YF295742,11-10-23
2002,BMW 525i,124,HENDERSON,SILVER,H044307,WBADT43402GZ98298,11-10-23
2002,DODGE 1500 VAN,319,HENDERSON,BLACK,H042595,2B6HB11Z82K117864,11-10-23
2003,DURANGO,319,HENDERSON,SILVER,H043552,1D4HR38N33F597689,11-10-23
2002,MERCEDES C-CLASS,124,HENDERSON,BLACK,H044598,WDBRF64J92F206606,11-10-23
2003,DURANGO,319,HENDERSON,BLUE,H043852,1D8HR58Z43F507527,11-10-23
2005,BMW 545i,124,HENDERSON,WHITE,H044447,WBANA53515B863549,11-10-23
2004,BMW X3,124,HENDERSON,SILVER,H044295,WBXPA73444WB27894,11-10-23
2005,BMW X5,124,HENDERSON,BLACK,H044385,5UXFA13575LY22013,11-10-23
1996,DODGE 1500 PICKUP,319,HENDERSON,BLUE,H043503,3B7HF13Y0TG127064,11-10-23
1998,MERCEDES ML-CLASS,124,HENDERSON,WHITE,H044309,4JGAB54E5WA005422,11-10-23
2002,BMW 745i,124,HENDERSON,SILVER,H044265,WBAGN63402DR04215,11-10-23
1997,DAKOTA,319,HENDERSON,GREEN,H044552,1B7GL23YXVS228764,11-10-23
2003,S TYPE,124,HENDERSON,GRAY,H044584,SAJEA01T43FM76170,11-10-23
2006,BMW 323i,124,HENDERSON,BLACK,H044276,WBAVB335X6PS11132,11-10-23
2006,DURANGO,319,HENDERSON,SILVER,H044431,1D4HD58256F108410,11-10-23
1998,MERCEDES E-CLASS,124,HENDERSON,SILVER,H044223,WDBJF70F5WA644580,11-10-23
2007,BMW 550i,124,HENDERSON,GRAY,H044529,WBANB53567CP07520,11-10-23
2002,BMW X5,124,HENDERSON,SILVER,H044542,5UXFA53552LP39943,11-10-23
2015,FIAT 500,124,HENDERSON,BLACK,H044233,3C3CFFAR3FT615752,11-10-23
1995,ROADMASTER,210,HENDERSON,TAN,H033139,1G4BR82P4SR417705,11-10-22
1994,ROADMASTER,210,HENDERSON,BLUE,H036608,1G4BN52P4RR433102,11-10-22
1979,PHOENIX,210,HENDERSON,WHITE,H037665,1L69G9C107408,11-10-22
1984,CAVALIER,210,HENDERSON,BLUE,H034875,1G3AY69Y0EX353328,11-10-22
1971,LESABRE,210,HENDERSON,WHITE,H036545,454671X149226,11-10-22
1961,BUICK,210,HENDERSON,UNKNOWN,H033639,412012789,11-10-22
1992,ROADMASTER,210,HENDERSON,RED,H035865,1G4BN5374NR421721,11-10-22
1982,EIGHTY EIGHT,210,HENDERSON,BLUE,H037649,1G3AY6984CX121604,11-10-22
2004,GRAND CHEROKEE,217,HENDERSON,BRONZE,H044232,1J4GW48S44C302383,11-09-23
2010,COMPASS,217,HENDERSON,WHITE,H044477,1J4NT4FB8AD631810,11-09-23
2008,GRAND CHEROKEE,217,HENDERSON,GRAY,H044464,1J8GS48KX8C239208,11-09-23
2003,LIBERTY,217,HENDERSON,WHITE,H043989,1J4GK48K63W581358,11-09-23
2002,LIBERTY,217,HENDERSON,GREEN,H044500,1J4GL48K22W274491,11-09-23
1999,GRAND CHEROKEE,217,HENDERSON,BLUE,H044356,1J4GW58S9XC25156,11-09-23
2002,GRAND CHEROKEE,217,HENDERSON,SILVER,H044266,1J8GW58N42C268294,11-09-23
2001,GRAND CHEROKEE,217,HENDERSON,TAN,H044102,1J4GW58N91C712916,11-09-23
1994,GRAND CHEROKEE,217,HENDERSON,BLACK,H044470,1J4GZ58S1RC300837,11-09-23
2001,CHEROKEE,217,HENDERSON,BLUE,H044052,1J4FT48S91L516799,11-09-23
2007,COMPASS,217,HENDERSON,SILVER,H044048,1J8FT47W07D143190,11-09-23
2004,LIBERTY,217,HENDERSON,TAN,H043846,1J4GL48KX4W124129,11-09-23
1993,GRAND CHEROKEE,217,HENDERSON,BLACK,H043881,1J4GZ78Y4PC708701,11-09-23
2003,LIBERTY,217,HENDERSON,BLUE,H043942,1J4GL48K43W647774,11-09-23
1995,CHEROKEE,217,HENDERSON,RED,H044549,1J4FT28S2SL578471,11-09-23
2004,LIBERTY,217,HENDERSON,BLUE,H043910,1J4GK58K94W226790,11-09-23
2000,CHEROKEE,217,HENDERSON,RED,H044324,1J4FT48S1YL212506,11-09-23
2002,ESCAPE,309,HENDERSON,GREEN,H044040,1FMYU03112KA70153,11-08-23
2005,RANGER,309,HENDERSON,GRAY,H044243,1FTYR14U25PA13634,11-08-23
2004,EXPLORER,309,HENDERSON,GOLD,H044346,1FMZU73K44UA10588,11-08-23
2005,ESCAPE,309,HENDERSON,GRAY,H043782,1FMYU94155KB19958,11-08-23
2003,EXPLORER,309,HENDERSON,RED,H044082,1FMYU60E93UC11387,11-08-23
2003,EXPLORER,309,HENDERSON,GOLD,H041424,1FMZU73KX3ZB51120,11-08-23
2006,ESCAPE,309,HENDERSON,GRAY,H043715,1FMYU02Z16KD35070,11-08-23
1994,RANGER,309,HENDERSON,GRAY,H044257,1FTCR14A3RPB07477,11-08-23
1997,RANGER,309,HENDERSON,RED,H043432,1FTCR10A2VUC29488,11-08-23
1992,EXPLORER,309,HENDERSON,WHITE,H044318,1FMDU32X6NUD17018,11-08-23
2000,EXPLORER,309,HENDERSON,BLACK,H044111,1FMDU73E8YZA58897,11-08-23
1995,EXPLORER,309,HENDERSON,BURGUNDY,H044060,1FMDU32X8SZA98741,11-08-23
2008,MARINER,309,HENDERSON,WHITE,H044315,4M2CU911X8KJ08231,11-08-23
2005,FREESTAR,309,HENDERSON,WHITE,H044166,2FMZA51625BA34866,11-08-23
1996,RANGER,309,HENDERSON,TAN,H043691,1FTCR14U2TPA25158,11-08-23
2005,FREESTAR,309,HENDERSON,SILVER,H044256,2FMZA50675BA61384,11-08-23
2007,EXPLORER,309,HENDERSON,WHITE,H044117,1FMEU658X7UB85961,11-08-23
2007,ION,202,HENDERSON,SILVER,H044400,1G8AJ55F37Z131158,11-07-23
1998,PRIZM,202,HENDERSON,BURGUNDY,H042368,1Y1SK5280WZ437841,11-07-23
1994,FIREFLY,202,HENDERSON,WHITE,H042940,2C7MR6168R6752016,11-07-23
2002,SATURN L SERIES,202,HENDERSON,BLUE,H042660,1G8JS54F32Y544064,11-07-23
1997,SATURN S SERIES,202,HENDERSON,GRAY,H042723,1G8ZK8276VZ260748,11-07-23
2003,VUE,202,HENDERSON,SILVER,H044316,5GZCZ53B43S858592,11-07-23
1999,SATURN S SERIES,202,HENDERSON,GOLD,H043633,1G8ZK5273XZ278612,11-07-23
2007,AURA,202,HENDERSON,BLUE,H042639,1G8ZV577X7F158890,11-07-23
2007,VUE,202,HENDERSON,SILVER,H044228,5GZCZ33D27S878397,11-07-23
2006,ALTIMA,105,HENDERSON,GRAY,H044125,1N4AL11D46C132811,11-07-23
1996,SATURN S SERIES,202,HENDERSON,RED,H042843,1G8ZH5288TZ189054,11-07-23
2000,PRIZM,202,HENDERSON,SILVER,H042983,1Y1SK5284YZ410158,11-07-23
2006,MAXIMA,105,HENDERSON,SILVER,H044227,1N4BA41E46C800417,11-07-23
2000,SATURN L SERIES,202,HENDERSON,BLACK,H042937,1G8JU52F6YY679318,11-07-23
2005,ALTIMA,105,HENDERSON,BLUE,H044252,1N4AL11DX5N450581,11-07-23
2002,SATURN S SERIES,202,HENDERSON,GREEN,H043787,1G8ZK54702Z188811,11-07-23
2007,ION,202,HENDERSON,BLACK,H042821,1G8AJ55F97Z202282,11-07-23
1997,SATURN S SERIES,202,HENDERSON,GREEN,H042755,1G8ZK5276VZ127907,11-07-23
2005,VUE,202,HENDERSON,SILVER,H044440,5GZCZ33DX5S857794,11-07-23
2003,ION,202,HENDERSON,BLACK,H042673,1G8AN12F13Z194433,11-07-23
2007,AURA,202,HENDERSON,BLUE,H043777,1G8ZS57NX7F274940,11-07-23
2005,TOWN & COUNTRY,321,HENDERSON,GOLD,H042648,2C4GP44R75R509798,11-06-23
2004,PACIFICA,321,HENDERSON,WHITE,H044411,2C8GM68404R365107,11-06-23
2005,TOWN & COUNTRY,321,HENDERSON,SILVER,H044452,2C8GP44R95R129084,11-06-23
2006,CARAVAN,321,HENDERSON,BLUE,H043721,1D4GP25B76B563580,11-06-23
1999,LHS,215,HENDERSON,GOLD,H043545,2C3HC56G7XH777670,11-06-23
2000,300M,215,HENDERSON,BLUE,H044395,2C3HE66G0YH410420,11-06-23
1991,VOYAGER,321,HENDERSON,WHITE,H044132,1P4GH44R1MX544376,11-06-23
2005,TOWN & COUNTRY,321,HENDERSON,SILVER,H044317,1C4GP45R55B134071,11-06-23
2010,CARAVAN,321,HENDERSON,BLUE,H044255,2D4RN3D16AR440585,11-06-23
2006,300,215,HENDERSON,GRAY,H043911,2C3KA53G86H384761,11-06-23
2005,MAGNUM,215,HENDERSON,BLUE,H044012,2D4FV48T75H676484,11-06-23
2012,JOURNEY,321,HENDERSON,WHITE,H044099,3C4PDCAB9CT362775,11-06-23
2006,PACIFICA,321,HENDERSON,SILVER,H043551,2A8GM68456R754158,11-06-23
2006,300,215,HENDERSON,BLACK,H043870,2C3LA63H26H159903,11-06-23
2005,300,215,HENDERSON,BLUE,H043948,2C3JA43R05H529913,11-06-23
2000,CARAVAN,321,HENDERSON,WHITE,H043923,1B4GP44G2YB755771,11-06-23
2007,CHARGER,215,HENDERSON,SILVER,H044192,2B3KA43R77H852862,11-06-23
2008,TOWN & COUNTRY,321,HENDERSON,RED,H043708,2A8HR54P98R687700,11-06-23
1998,CARAVAN,321,HENDERSON,GREEN,H043671,2B4GP45R6WR556298,11-06-23
2006,CHARGER,215,HENDERSON,WHITE,H044172,2B3KA43G66H301917,11-06-23
2006,300,215,HENDERSON,SILVER,H043522,2C3LA63H56H441517,11-06-23
2004,TOWN & COUNTRY,321,HENDERSON,BLUE,H044011,2C4GP54L04R604526,11-06-23
2010,JOURNEY,321,HENDERSON,GRAY,H043355,3D4PG5FV1AT126188,11-06-23
2008,CHARGER,215,HENDERSON,YELLOW,H044415,2B3KA43R78H150347,11-06-23
2006,CHARGER,215,HENDERSON,WHITE,H044077,2B3KA53H86H248703,11-06-23
2014,JOURNEY,321,HENDERSON,BLACK,H044460,3C4PDCBG6ET115341,11-06-23
2008,PACIFICA,321,HENDERSON,BLUE,H043966,2A8GM68X58R100984,11-06-23
2005,MAGNUM,215,HENDERSON,WHITE,H043711,2D8GZ48V65H696198,11-06-23
2013,JOURNEY,321,HENDERSON,BLACK,H044080,3C4PDCAB2DT608292,11-06-23
2002,CONCORDE,215,HENDERSON,GOLD,H044141,2C3AD36M42H202590,11-06-23
1992,CAMRY,103,HENDERSON,GREEN,H044275,4T1SK12E5NU077539,11-03-23
2003,CAMRY,103,HENDERSON,SILVER,H044274,4T1BE32K33U767229,11-03-23
2000,LEXUS ES300,103,HENDERSON,BLACK,H044348,JT8BF28G0Y0270490,11-03-23
1998,COROLLA,103,HENDERSON,WHITE,H044268,1NXBR12E4WZ070868,11-03-23
1996,CELICA,103,HENDERSON,RED,H044148,JT5FG02T2T0033675,11-03-23
2001,MAZDA 626,103,HENDERSON,BURGUNDY,H043153,1YVGF22C515201505,11-03-23
2003,EXPEDITION,311,HENDERSON,BLACK,H044353,1FMFU17L03LB00389,11-03-23
2005,CAMRY,103,HENDERSON,SILVER,H044120,4T1BE32K35U075328,11-03-23
2002,COROLLA,103,HENDERSON,BLACK,H044333,1NXBR12E62Z577328,11-03-23
2004,FORD F150 PICKUP,311,HENDERSON,BLACK,H043702,2FTRX17274CA29509,11-03-23
1994,FORD F150 PICKUP,311,HENDERSON,WHITE,H044164,2FTDF15Y8RCA84773,11-03-23
2007,CAMRY,103,HENDERSON,GRAY,H044382,JTNBB46K873039961,11-03-23
1993,CELICA,103,HENDERSON,BLUE,H044429,JT5ST87K6P0146429,11-03-23
2001,EXPEDITION,311,HENDERSON,WHITE,H044067,1FMRU15L41LA92407,11-03-23
2005,CAMRY,103,HENDERSON,GRAY,H044377,4T1BE30K95U953606,11-03-23
1999,EXPEDITION,311,HENDERSON,GREEN,H044271,1FMPU18L2XLC29467,11-03-23
2006,EXPEDITION,311,HENDERSON,RED,H044143,1FMPU135X6LA88915,11-03-23
1996,FORD E150 VAN,311,HENDERSON,WHITE,H044063,1FDEE14NXTHA59349,11-03-23
2000,FORD F150 PICKUP,311,HENDERSON,GOLD,H044273,1FTRX17L4YKA30708,11-03-23
1999,COROLLA,103,HENDERSON,GRAY,H044200,1NXBR12E7XZ250850,11-03-23
1997,FORD F150 PICKUP,311,HENDERSON,GREEN,H044188,1FTDX18WXVKB66680,11-03-23
1978,FORD F350 PICKUP,311,HENDERSON,BLUE,H044084,F37SRBH0376,11-03-23
2003,NAVIGATOR,311,HENDERSON,GRAY,H044127,5LMFU28R23LJ11481,11-03-23
2005,LEXUS ES330,103,HENDERSON,CHAMPAGNE,H044336,JTHBA30G855080337,11-03-23
2002,EXPEDITION,311,HENDERSON,GOLD,H044144,1FMPU18L22LA90384,11-03-23
1994,LEXUS LS400,103,HENDERSON,GRAY,H044175,JT8UF11E7R0200868,11-03-23
2001,CAMRY,103,HENDERSON,GREEN,H044354,4T1BG22K71U783001,11-03-23
2011,SCION XB,103,HENDERSON,SILVER,H044430,JTLZE4FE6B1135410,11-03-23
2004,EXPEDITION,311,HENDERSON,BLUE,H043872,1FMFU16L84LA88365,11-03-23
1990,CELICA,103,HENDERSON,BLACK,H044457,JT2ST87N3L0020594,11-03-23
2001,FORD F150 PICKUP,311,HENDERSON,GRAY,H043649,1FTRX17W51KF84453,11-03-23
2003,NAVIGATOR,311,HENDERSON,GOLD,H043990,5LMFU28R83LJ27040,11-03-23
2002,AVALON,103,HENDERSON,BURGUNDY,H044114,4T1BF28B82U260419,11-03-23
2002,SEBRING,214,HENDERSON,SILVER,H044286,1C3EL46X92N168447,11-02-23
2006,STRATUS,214,HENDERSON,SILVER,H044037,1B3EL46X86N175036,11-02-23
2011,200,214,HENDERSON,WHITE,H044264,1C3BC2FB9BN583182,11-02-23
2008,SEBRING,214,HENDERSON,GOLD,H044393,1C3LC45KX8N674844,11-02-23
2015,DART,214,HENDERSON,SILVER,H043913,1C3CDFBB5FD180472,11-02-23
2001,NEON,214,HENDERSON,RED,H044303,1B3AS46C51D158241,11-02-23
2006,STRATUS,214,HENDERSON,WHITE,H044070,1B3EL46T46N161230,11-02-23
2006,STRATUS,214,HENDERSON,SILVER,H043600,1B3EL46XX6N218081,11-02-23
2005,STRATUS,214,HENDERSON,GRAY,H044242,1B3EL46X25N551017,11-02-23
1997,BREEZE,214,HENDERSON,RED,H044280,1P3EJ46C9VN730477,11-02-23
2008,SEBRING,214,HENDERSON,WHITE,H044003,1C3LC45K98N294832,11-02-23
2004,PT CRUISER,214,HENDERSON,BLACK,H044156,3C8FY68804T248322,11-02-23
1998,NEON,214,HENDERSON,GRAY,H043905,3B3ES47C6WT212907,11-02-23
2012,AVENGER,214,HENDERSON,BLUE,H044030,1C3CDZAB2CN238630,11-02-23
2008,PT CRUISER,214,HENDERSON,RED,H044140,3A8FY48B38T181067,11-02-23
2002,PT CRUISER,214,HENDERSON,GRAY,H043679,3C8FY68B62T282449,11-02-23
2008,PT CRUISER,214,HENDERSON,BLUE,H043838,3A8FY48B38T157481,11-02-23
2006,PT CRUISER,214,HENDERSON,SILVER,H044312,3A4FY58B76T346896,11-02-23
1997,SAAB 900,119,HENDERSON,WHITE,H044304,YS3DF75N0V7005817,11-01-23
2004,AUDI A4,119,HENDERSON,SILVER,H044299,WAULT68E44A245789,11-01-23
2004,AUDI A4,119,HENDERSON,GRAY,H044325,WAUAT48H14K016745,11-01-23
1988,VOLVO 240 SERIES,119,HENDERSON,WHITE,H044126,YV1AX8841J1289949,11-01-23
2006,PASSAT,119,HENDERSON,SILVER,H044202,WVWAK73C76P169316,11-01-23
2004,AUDI A4,119,HENDERSON,BLACK,H044386,WAUJC68E94A077235,11-01-23
2000,PASSAT,119,HENDERSON,RED,H044427,WVWMA23B1YP210407,11-01-23
2003,SAAB 9-3,119,HENDERSON,GRAY,H044245,YS3FB49S331017754,11-01-23
2008,PASSAT,119,HENDERSON,WHITE,H044001,WVWAK93C48E083729,11-01-23
2006,VOLVO 50 SERIES,119,HENDERSON,SILVER,H044201,YV1MW390462184872,11-01-23
2012,JETTA,119,HENDERSON,BLACK,H044235,3VW2K7AJ0CM404692,11-01-23
2007,AUDI A4,119,HENDERSON,RED,H044229,WAUDF78E97A184414,11-01-23
2007,JETTA,119,HENDERSON,GRAY,H044108,3VWPG71K27M082675,11-01-23
2010,PASSAT,119,HENDERSON,SILVER,H044195,WVWXK7AN1AE166799,11-01-23
2008,AUDI A4,119,HENDERSON,BLACK,H044160,WAUAF78E68A112476,11-01-23
2003,AUDI ALLROAD,119,HENDERSON,GRAY,H043947,WA1YD64B43N084833,11-01-23
2014,PASSAT,119,HENDERSON,SILVER,H044054,1VWAT7A31EC027787,11-01-23
2007,JETTA,119,HENDERSON,BLACK,H044147,3VWEF71K17M165413,11-01-23
2005,MAZDA 6,117,HENDERSON,GRAY,H044330,1YVHP80DX55M18845,10-31-23
2006,GALANT,117,HENDERSON,SILVER,H044207,4A3AB36F56E018532,10-31-23
2007,IMPREZA,117,HENDERSON,BLUE,H043916,JF1GD61697G508838,10-31-23
2009,MAZDA 3,117,HENDERSON,GRAY,H044059,JM1BK32F991241780,10-31-23
2005,MAZDA 6,117,HENDERSON,SILVER,H044185,1YVHP80C755M49770,10-31-23
2004,MAZDA RX8,117,HENDERSON,BLACK,H044251,JM1FE173740115220,10-31-23
2002,ECLIPSE,117,HENDERSON,RED,H044038,4A3AC34G22E044895,10-31-23
2006,MAZDA 3,117,HENDERSON,GRAY,H043805,JM1BK12FX61441521,10-31-23
2008,MAZDA 3,117,HENDERSON,SILVER,H044115,JM1BK323381831803,10-31-23
1998,FORESTER,117,HENDERSON,GREEN,H044308,JF1SF6352WG707253,10-31-23
1990,ECLIPSE,117,HENDERSON,RED,H043882,4A3CS44RXLE024978,10-31-23
2008,MAZDA 3,117,HENDERSON,GRAY,H042099,JM1BK344981786890,10-31-23
2001,GALANT,117,HENDERSON,SILVER,H044087,4A3AA46G21E145331,10-31-23
1999,FORESTER,117,HENDERSON,RED,H043405,JF1SF6553XH741646,10-31-23
2000,ECLIPSE,117,HENDERSON,SILVER,H043654,4A3AC54L3YE112199,10-31-23
2000,FORESTER,117,HENDERSON,SILVER,H044383,JF1SF6350YH727448,10-31-23
2006,ECLIPSE,117,HENDERSON,SILVER,H044224,4A3AK24F96E010012,10-31-23
2006,AZERA,114,HENDERSON,GOLD,H043997,KMHFC46F56A114305,10-30-23
1996,DEVILLE,209,HENDERSON,GREEN,H042242,1G6KD52Y2TU305531,10-30-23
1999,DEVILLE,209,HENDERSON,WHITE,H042414,1G6KD54Y9XU796876,10-30-23
1997,SEVILLE,209,HENDERSON,SILVER,H043564,1G6KY5298VU830903,10-30-23
1997,ACCENT,114,HENDERSON,GRAY,H044297,KMHVF24N3VU370571,10-30-23
2005,DEVILLE,209,HENDERSON,BURGUNDY,H044263,1G6KD54Y75U163256,10-30-23
1987,FLEETWOOD,209,HENDERSON,TAN,H044361,1G6CB5183H4215761,10-30-23
1999,SEPHIA,114,HENDERSON,SILVER,H044258,KNAFB121XX5769583,10-30-23
2002,DEVILLE,209,HENDERSON,WHITE,H041999,1G6KD54Y12U222328,10-30-23
2007,CTS,209,HENDERSON,SILVER,H043553,1G6DP577570169604,10-30-23
2011,OPTIMA,114,HENDERSON,GRAY,H044278,KNAGM4AD1B5006906,10-30-23
1996,DEVILLE,209,HENDERSON,MAROON,H042367,1G6KD52Y7TU264023,10-30-23
2007,ACCENT,114,HENDERSON,SILVER,H044237,KMHCN46C37U098883,10-30-23
2000,SONATA,114,HENDERSON,WHITE,H044351,KMHWF35V0YA221260,10-30-23
2012,SRX,209,HENDERSON,BLACK,H043382,3GYFNAE39CS625444,10-30-23
2005,SPECTRA,114,HENDERSON,BLACK,H044234,KNAFE122855141339,10-30-23
2009,RIO,114,HENDERSON,SILVER,H044230,KNADE223996495442,10-30-23
2003,RIO,114,HENDERSON,WHITE,H044329,KNADC125X36250318,10-30-23
1988,BROUGHAM,209,HENDERSON,WHITE,H043734,1G6DW51Y5JR756196,10-30-23
2005,ELANTRA,114,HENDERSON,BLACK,H044191,KMHDN46D15U122172,10-30-23
2011,SONATA,114,HENDERSON,SILVER,H044221,5NPEC4AC3BH002277,10-30-23
2007,SONATA,114,HENDERSON,WHITE,H044238,5NPET46C67H267291,10-30-23
2005,STS,209,HENDERSON,WHITE,H043661,1G6DW677350225559,10-30-23
2007,STS,209,HENDERSON,SILVER,H043885,1G6DW677270194307,10-30-23
2012,ELANTRA,114,HENDERSON,BLACK,H044053,5NPDH4AE5CH085288,10-30-23
2008,ACCENT,114,HENDERSON,BLUE,H044062,KMHCM36C38U084576,10-30-23
1999,DEVILLE,209,HENDERSON,GRAY,H044169,1G6KD54Y1XU762348,10-30-23
2004,DEVILLE,209,HENDERSON,GOLD,H042556,1G6KD54Y04U259969,10-30-23
2001,ELANTRA,114,HENDERSON,TAN,H044222,KMHDN45D11U090240,10-30-23
2010,ACCENT,114,HENDERSON,SILVER,H044089,KMHCN4AC0AU483753,10-30-23
2006,ELANTRA,114,HENDERSON,WHITE,H044064,KMHDN46D06U213340,10-30-23
1997,ELDORADO,209,HENDERSON,GREEN,H044267,1G6EL12Y7VU612169,10-30-23
1997,ELDORADO,209,HENDERSON,WHITE,H043336,1G6EL12Y5VU603566,10-30-23
2003,DEVILLE,209,HENDERSON,SILVER,H043620,1G6KD54Y13U200900,10-30-23
2005,DEVILLE,209,HENDERSON,RED,H043557,1G6KF57985U172725,10-30-23
2008,SONATA,114,HENDERSON,GRAY,H044305,5NPEU46C98H316997,10-30-23
2000,CIVIC,109,HENDERSON,BLUE,H044347,1HGEJ7126YL114785,10-27-23
1998,RL,109,HENDERSON,SILVER,H044046,JH4KA9651WC000592,10-27-23
2000,SILVERADO 1500 PICKUP,316,HENDERSON,GRAY,H044208,1GCEC19TXYE251770,10-27-23
2001,CIVIC,109,HENDERSON,BLACK,H044129,2HGES16531H522709,10-27-23
2005,CIVIC,109,HENDERSON,GRAY,H044259,1HGEM22975L015359,10-27-23
1999,SUBURBAN 1500,316,HENDERSON,TAN,H043854,3GNFK16R1XG101447,10-27-23
2005,YUKON,316,HENDERSON,GRAY,H044194,1GKEC13T65R241643,10-27-23
2003,ACCORD,109,HENDERSON,GOLD,H044311,JHMCM56303C028656,10-27-23
1996,CHEVROLET 1500 PICKUP,316,HENDERSON,WHITE,H044196,2GCEC19R6T1255247,10-27-23
1996,GMC 1500 PICKUP,316,HENDERSON,GREEN,H043670,2GCEK19R2T1218988,10-27-23
2001,ACCORD,109,HENDERSON,BLACK,H044047,1HGCG22531A010869,10-27-23
2003,TL,109,HENDERSON,GRAY,H044183,19UUA56983A060755,10-27-23
1995,CHEVROLET 1500 PICKUP,316,HENDERSON,BLUE,H044092,1GCEK19K6SE103231,10-27-23
2001,YUKON,316,HENDERSON,GRAY,H044130,1GKEC13T51J125195,10-27-23
2001,YUKON,316,HENDERSON,WHITE,H044167,1GKEK13T11J229735,10-27-23
1998,ACCORD,109,HENDERSON,RED,H044220,1HGCG2259WA035086,10-27-23
1989,GMC 2500 VAN,316,HENDERSON,GRAY,H044103,1GBEG25KXK7120992,10-27-23
2008,VERSA,106,HENDERSON,WHITE,H044079,3N1BC13E48L371337,10-27-23
2001,SILVERADO 1500 PICKUP,316,HENDERSON,WHITE,H043861,1GCEC19T11Z174995,10-27-23
1990,GMC 2500 PICKUP,316,HENDERSON,RED,H044170,2GCFC29K1L1158552,10-27-23
1991,ACCORD,109,HENDERSON,SILVER,H044249,JHMCB7656MC100397,10-27-23
2013,INSIGHT,109,HENDERSON,WHITE,H044152,JHMZE2H30DS001452,10-27-23
1997,SUBURBAN 1500,316,HENDERSON,BROWN,H043890,3GKFK16R2VG505254,10-27-23
2002,ACCORD,109,HENDERSON,RED,H044199,JHMCG56702C032800,10-27-23
1990,CHEVROLET 20 VAN,316,HENDERSON,WHITE,H043706,2GBEG25K9L4114601,10-27-23
2003,SENTRA,106,HENDERSON,GREEN,H044007,3N1CB51D63L798388,10-27-23
1999,ACCORD,109,HENDERSON,SILVER,H044218,1HGCG1657XA006191,10-27-23
1994,ACCORD,109,HENDERSON,TEAL,H044135,1HGCD5655RA110830,10-27-23
2001,ACCORD,109,HENDERSON,BLACK,H044270,JHMCG66501C025297,10-27-23
1997,SUBURBAN 1500,316,HENDERSON,WHITE,H043547,3GKEC16R2VG525044,10-27-23
1998,ACCORD,109,HENDERSON,SILVER,H044205,1HGCG6670WA030264,10-27-23
2001,SILVERADO 1500 PICKUP,316,HENDERSON,BURGUNDY,H044110,2GCEK19T611341864,10-27-23
1998,ACCORD,109,HENDERSON,BLACK,H044219,1HGCG6671WA144886,10-27-23
2005,SORENTO,219,HENDERSON,BLACK,H042733,KNDJD733X55450014,10-26-23
2004,ENVOY XL,219,HENDERSON,WHITE,H042547,JS3TY92V544109072,10-26-23
1990,ISUZU PUP (PICKUP),219,HENDERSON,GRAY,H044310,JAACL11L9L7203331,10-26-23
2005,SEDONA,219,HENDERSON,BURGUNDY,H043584,KNDUP132656621893,10-26-23
2001,LAND ROVER,219,HENDERSON,TAN,H043858,SALTL15411A710969,10-26-23
2000,MONTERO SPORT,219,HENDERSON,GREEN,H044186,JA4MT41R9YP815243,10-26-23
2003,MDX,219,HENDERSON,GRAY,H044076,2HNYD18893H513507,10-26-23
2003,SANTA FE,219,HENDERSON,SILVER,H043815,KM8SC73D93U469653,10-26-23
2000,ODYSSEY,219,HENDERSON,GRAY,H043771,2HKRL1867YH543017,10-26-23
2004,ODYSSEY,219,HENDERSON,CHAMPAGNE,H043986,5FNRL18824B111073,10-26-23
2006,RANGE ROVER SPORT,219,HENDERSON,SILVER,H043774,SALSH23426A970603,10-26-23
2006,VITARA,219,HENDERSON,BLACK,H043800,JS3TE944564100808,10-26-23
2008,VERACRUZ,219,HENDERSON,SILVER,H043507,KM8NU13C18U049018,10-26-23
2003,MONTERO SPORT,219,HENDERSON,BLACK,H043190,JA4LS21H33J041285,10-26-23
2001,VITARA,219,HENDERSON,GOLD,H043311,JS3TX92V414114746,10-26-23
2004,MAZDA MPV,219,HENDERSON,SILVER,H042501,JM3LW28A740501002,10-26-23
2005,SORENTO,219,HENDERSON,BLACK,H042752,KNDJD733955501177,10-26-23
2004,MONTERO,219,HENDERSON,WHITE,H042744,JA4MW51S24J010648,10-26-23
1999,ALTIMA,105,HENDERSON,PURPLE,H044112,1N4DL01D3XC121713,10-25-23
2004,ALTIMA,105,HENDERSON,GRAY,H044057,1N4AL11D74C147543,10-25-23
2006,ALTIMA,105,HENDERSON,BLUE,H044146,1N4AL11D16N336700,10-25-23
2002,ALTIMA,105,HENDERSON,WHITE,H044122,1N4AL11E12C141372,10-25-23
2010,CUBE,105,HENDERSON,BLACK,H044158,JN8AZ2KR3AT169211,10-25-23
1995,INFINITI J30,105,HENDERSON,WHITE,H044118,JNKAY21D5SM215779,10-25-23
2004,INFINITI G35,105,HENDERSON,BLACK,H044142,JNKCV51F74M709746,10-25-23
2004,INFINITI FX SERIES,105,HENDERSON,BLACK,H044074,JNRAS08UX4X107138,10-25-23
2012,ALTIMA,105,HENDERSON,GRAY,H044226,1N4AL2AP8CN481714,10-25-23
2002,ALTIMA,105,HENDERSON,SILVER,H044225,1N4AL11D82C706837,10-25-23
1996,ALTIMA,105,HENDERSON,GRAY,H044113,1N4BU31D5TC160366,10-25-23
2006,ALTIMA,105,HENDERSON,BLUE,H044203,1N4AL11D26C257290,10-25-23
2005,INFINITI G35,105,HENDERSON,GRAY,H044093,JNKCV54E85M403367,10-25-23
1997,SENTRA,105,HENDERSON,BLUE,H044198,1N4AB41D6VC720163,10-25-23
1997,LESABRE,207,HENDERSON,SILVER,H041863,1G4HP52K7VH440151,10-24-23
2001,LESABRE,207,HENDERSON,GOLD,H042399,1G4HR54K31U191100,10-24-23
2006,IMPALA,207,HENDERSON,BLACK,H043865,2G1WT55KX69197422,10-24-23
1998,CENTURY,207,HENDERSON,SILVER,H041855,2G4WS52M2W1557681,10-24-23
1995,GRAND PRIX,207,HENDERSON,BLACK,H042526,1G2WJ52MXSF310343,10-24-23
2006,IMPALA,207,HENDERSON,GRAY,H044104,2G1WC581269113449,10-24-23
2006,LUCERNE,207,HENDERSON,BURGUNDY,H041845,1G4HP57236U229353,10-24-23
2006,LACROSSE,207,HENDERSON,SILVER,H040553,2G4WE587161302643,10-24-23
2008,IMPALA,207,HENDERSON,BLACK,H042475,2G1WT58K689261518,10-24-23
2006,LACROSSE,207,HENDERSON,BURGUNDY,H041774,2G4WD582561263305,10-24-23
2002,BONNEVILLE,207,HENDERSON,SILVER,H040358,1G2HX54K724188099,10-24-23
2003,MONTE CARLO,207,HENDERSON,BLACK,H041818,2G1WX12K039374024,10-24-23
2001,LESABRE,207,HENDERSON,SILVER,H042569,1G4HP54K81U213193,10-24-23
2002,PARK AVENUE,207,HENDERSON,GOLD,H044189,1G4CU541324237977,10-24-23
2004,BONNEVILLE,207,HENDERSON,WHITE,H044145,1G2HY52KX4U249738,10-24-23
2002,CENTURY,207,HENDERSON,SILVER,H042478,2G4WS52J821101197,10-24-23
2007,IMPALA,207,HENDERSON,GOLD,H043684,2G1WB58K879143021,10-24-23
1998,LESABRE,207,HENDERSON,WHITE,H042286,1G4HR52K2WH469651,10-24-23
2011,FUSION,302,HENDERSON,BLACK,H043827,3FAHP0HA7BR252641,10-23-23
2006,MINI COOPER,123,HENDERSON,BLUE,H043996,WMWRE33516TJ34747,10-23-23
1995,BMW 740i,123,HENDERSON,SILVER,H044187,WBAGJ6326SDH96065,10-23-23
2007,FOCUS,302,HENDERSON,GRAY,H043951,1FAHP34NX7W345720,10-23-23
1997,BMW 528i,123,HENDERSON,GREEN,H043937,WBADE6328VBW54353,10-23-23
1989,PROBE,302,HENDERSON,SILVER,H042452,1ZVBT21C5K5228003,10-23-23
2014,FIESTA,302,HENDERSON,BLUE,H043940,3FADP4BJXEM139475,10-23-23
1988,FESTIVA,302,HENDERSON,BLACK,H043052,KNJBT07K8J6135228,10-23-23
2006,BMW 325i,123,HENDERSON,BLUE,H043920,WBAVB13526KR62307,10-23-23
2001,MERCEDES S-CLASS,123,HENDERSON,SILVER,H044013,WDBNG70J41A137617,10-23-23
2005,FOCUS,302,HENDERSON,GRAY,H043688,1FAFP34N25W289650,10-23-23
2005,BMW Z4,123,HENDERSON,BLACK,H044171,4USBT33575LS57892,10-23-23
2008,FOCUS,302,HENDERSON,BLACK,H042071,1FAHP33N58W162311,10-23-23
1997,MERCEDES C-CLASS,123,HENDERSON,BURGUNDY,H043753,WDBHA28E0VF555061,10-23-23
2000,BMW 323i,123,HENDERSON,SILVER,H044000,WBABM3349YJN82602,10-23-23
2009,FOCUS,302,HENDERSON,GRAY,H042159,1FAHP35N49W197050,10-23-23
2008,FOCUS,302,HENDERSON,WHITE,H044197,1FAHP35N68W121716,10-23-23
2006,BMW 650i,123,HENDERSON,BLACK,H044056,WBAEK13406CN75451,10-23-23
2009,FUSION,302,HENDERSON,SILVER,H044250,3FAHP01109R218741,10-23-23
2003,BMW X5,123,HENDERSON,SILVER,H043992,5UXFB33553LH44436,10-23-23
2008,FUSION,302,HENDERSON,GRAY,H041880,3FAHP07Z78R248024,10-23-23
2002,FOCUS,302,HENDERSON,WHITE,H044116,1FAFP38322W119356,10-23-23
2005,PORSCHE CAYENNE,123,HENDERSON,GOLD,H044161,WP1AA29P95LA22158,10-23-23
1990,MERCEDES 560,123,HENDERSON,BLUE,H044177,WDBCA39E8LA532510,10-23-23
2002,BMW 325i,123,HENDERSON,BLACK,H043921,WBAEU33412PF71954,10-23-23
2009,FUSION,302,HENDERSON,SILVER,H043977,3FAHP08Z89R152693,10-23-23
1995,MERCEDES C-CLASS,123,HENDERSON,SILVER,H043974,WDBHA28E8SF250435,10-23-23
2005,FOCUS,302,HENDERSON,BRONZE,H042570,1FAFP36N55W140890,10-23-23
2012,FOCUS,302,HENDERSON,WHITE,H043839,1FAHP3F2XCL302140,10-23-23
2003,MINI COOPER,123,HENDERSON,BLUE,H044138,WMWRC33483TJ50579,10-23-23
2001,MERCEDES ML-CLASS,123,HENDERSON,BLACK,H043919,4JGAB72E11A253643,10-23-23
2000,FOCUS,302,HENDERSON,SILVER,H043887,3FAFP3133YR125558,10-23-23
2003,MERCEDES C-CLASS,123,HENDERSON,WHITE,H043945,WDBRF64J13F340785,10-23-23
1999,BMW 323i,123,HENDERSON,BLUE,H044009,WBABK8335XEY92912,10-23-23
2007,FOCUS,302,HENDERSON,GREEN,H043906,1FAHP34N97W299166,10-23-23
2007,FOCUS,302,HENDERSON,SILVER,H043683,1FAFP34N97W242120,10-23-23
1994,PREVIA,322,HENDERSON,TAN,H043072,JT3AC11R2R1137712,10-20-23
2003,CAMRY,102,HENDERSON,GRAY,H044180,JTDBE32K630167087,10-20-23
1996,AVALON,102,HENDERSON,GOLD,H043903,4T1BF12B9TU109349,10-20-23
2004,SIENNA,322,HENDERSON,BLUE,H044094,5TDZA22C04S161801,10-20-23
1993,COROLLA,102,HENDERSON,PURPLE,H044106,JT2AE04E3P0024422,10-20-23
2000,LEXUS GS300,102,HENDERSON,WHITE,H044109,JT6GF10U3Y0049007,10-20-23
2000,CAMRY,102,HENDERSON,GRAY,H044088,4T1BG22K5YU762125,10-20-23
1996,CAMRY,102,HENDERSON,BURGUNDY,H043618,4T1EG12KXTU688636,10-20-23
1994,4 RUNNER,322,HENDERSON,BLUE,H043833,JT3VN39W9R8061902,10-20-23
2000,SIENNA,322,HENDERSON,GRAY,H043319,4T3ZF13C2YU319182,10-20-23
2008,SIENNA,322,HENDERSON,BLACK,H044155,5TDZK23C78S129591,10-20-23
2005,LEXUS ES330,102,HENDERSON,SILVER,H044139,JTHBA30G955087345,10-20-23
2000,ECHO,102,HENDERSON,BLACK,H040900,JTDAT1234Y5010456,10-20-23
2003,AVALON,102,HENDERSON,WHITE,H044211,4T1BF28B13U276561,10-20-23
1991,TOYOTA PICKUP,322,HENDERSON,PURPLE,H043335,JT4RN81A1M0071387,10-20-23
1999,CAMRY,102,HENDERSON,GRAY,H044073,4T1BG22K6XU540367,10-20-23
2000,SIENNA,322,HENDERSON,BLUE,H043373,4T3ZF13C0YU193999,10-20-23
1995,4 RUNNER,322,HENDERSON,GRAY,H043163,JT3VN39WXS8083977,10-20-23
1997,RAV4,322,HENDERSON,BLACK,H043136,JT3HP10V0V7038718,10-20-23
2007,CAMRY,102,HENDERSON,SILVER,H044157,4T1BE46K67U687459,10-20-23
2012,SCION XB,102,HENDERSON,WHITE,H044128,JTLZE4FE4CJ016434,10-20-23
1998,CAMRY,102,HENDERSON,BLUE,H044085,4T1BG22K4WU316870,10-20-23
2011,PRIUS,102,HENDERSON,GRAY,H044055,JTDKN3DU5B1431651,10-20-23
1990,TOYOTA PICKUP,322,HENDERSON,WHITE,H043731,JT4RN81R7L5069666,10-20-23
2003,SIENNA,322,HENDERSON,BLUE,H043370,4T3ZF13C03U515890,10-20-23
2005,SIENNA,322,HENDERSON,GRAY,H042611,5TDZA23C55S363839,10-20-23
2002,HIGHLANDER,322,HENDERSON,BLACK,H043132,JTEHF21A420060995,10-20-23
2002,CAMRY,102,HENDERSON,SILVER,H043586,JTDBE32K620022646,10-20-23
1995,CAMRY,102,HENDERSON,WHITE,H044068,JT2SK11E5S0329341,10-20-23
2001,SIENNA,322,HENDERSON,WHITE,H043380,4T3ZF19C51U347314,10-20-23
2001,CAMRY,102,HENDERSON,WHITE,H044017,2T1FF28P41C489211,10-20-23
2004,HIGHLANDER,322,HENDERSON,TAN,H043089,JTEDD21AX40100858,10-20-23
2003,SEQUOIA,322,HENDERSON,WHITE,H043297,5TDZT38A53S158722,10-20-23
2000,LEXUS RX300,102,HENDERSON,GRAY,H043757,JT6GF10U7Y0056994,10-20-23
1991,SKYLARK,204,HENDERSON,WHITE,H042840,1G4NV54U6MM250001,10-19-23
2006,G6,204,HENDERSON,RED,H043756,1G2ZG558864124893,10-19-23
2007,G5,204,HENDERSON,YELLOW,H043027,1G2AL15F977183712,10-19-23
2003,GRAND AM,204,HENDERSON,SILVER,H044179,1G2NF52E73M717913,10-19-23
2017,SONIC,204,HENDERSON,BLACK,H044100,1G1JB5SG9H4123234,10-19-23
2005,COBALT,204,HENDERSON,BLUE,H044136,1G1AK52F057663072,10-19-23
1998,CAVALIER,204,HENDERSON,GREEN,H044066,1G1JC524XW7314286,10-19-23
2011,MALIBU,204,HENDERSON,SILVER,H044173,1G1ZC5E15BF395234,10-19-23
2008,VIBE,204,HENDERSON,BLACK,H043362,5Y2SL65828Z400845,10-19-23
2001,MALIBU,204,HENDERSON,GREEN,H043309,1G1NE52J716248702,10-19-23
2005,CAVALIER,204,HENDERSON,WHITE,H044176,1G1ND52F85M104026,10-19-23
2005,MALIBU,204,HENDERSON,SILVER,H043956,1G1ZT52835F312843,10-19-23
2009,MALIBU,204,HENDERSON,WHITE,H044174,1G1ZH57B89F240386,10-19-23
2007,AVEO,204,HENDERSON,RED,H043955,KL1TD66627B732295,10-19-23
2003,ALERO,204,HENDERSON,GOLD,H044032,1G3NL52F03C311698,10-19-23
2004,GRAND AM,204,HENDERSON,WHITE,H043107,1G2NF52E24C251900,10-19-23
2001,GRAND AM,204,HENDERSON,RED,H043801,1G2NF52T81M561277,10-19-23
2002,MALIBU,204,HENDERSON,BURGUNDY,H043980,1G1ND52J82M569891,10-19-23
2003,EXPLORER,308,HENDERSON,SILVER,H044049,1FMDU63W63ZA35369,10-18-23
1998,RANGER,308,HENDERSON,WHITE,H044045,1FTYR10C9WUB29817,10-18-23
2008,EDGE,308,HENDERSON,GREEN,H043889,1FMCU49H08KC68902,10-18-23
1997,RANGER,308,HENDERSON,WHITE,H043984,1FTCR14U3VPA96372,10-18-23
1998,EXPLORER,308,HENDERSON,WHITE,H043841,1FMZU32P6WZA35360,10-18-23
2003,EXPLORER,308,HENDERSON,GOLD,H043483,1FMZU73K73UA55720,10-18-23
2009,EXPLORER,308,HENDERSON,GRAY,H044004,1FMEU65EX9UA31923,10-18-23
2015,TRANSIT CONNECT,308,HENDERSON,WHITE,H043830,NM0GE9E71F1175075,10-18-23
2001,ESCAPE,308,HENDERSON,RED,H043357,1FMYU03141KB71251,10-18-23
1999,EXPLORER,308,HENDERSON,BLACK,H044050,1FMYU24E5XUC04896,10-18-23
2002,EXPLORER,308,HENDERSON,GRAY,H043569,1FMZU73E92UC36505,10-18-23
2008,ESCAPE,308,HENDERSON,WHITE,H043672,1FMCU49H88KB08881,10-18-23
2005,EXPLORER,308,HENDERSON,BURGUNDY,H043809,1FMZU73K55UA02355,10-18-23
2001,EXPLORER,308,HENDERSON,BLACK,H042160,1FMZU63E21ZA29580,10-18-23
2005,MOUNTAINEER,308,HENDERSON,GRAY,H042546,4M2ZU86K95ZJ01702,10-18-23
2004,EXPLORER,308,HENDERSON,WHITE,H042817,1FMZU65W14ZA07273,10-18-23
1999,WINDSTAR,308,HENDERSON,WHITE,H042677,2FMZA514XXBA72766,10-18-23
1995,SATURN S SERIES,201,HENDERSON,BLACK,H043968,1G8ZH1275SZ259687,10-17-23
2006,ION,201,HENDERSON,BLACK,H043630,1G8AL55B46Z106453,10-17-23
1998,PRIZM,201,HENDERSON,WHITE,H043288,1Y1SK528XWZ432114,10-17-23
2007,VUE,201,HENDERSON,GRAY,H043825,5GZCZ33D57S860332,10-17-23
2004,ION,201,HENDERSON,BLACK,H042906,1G8AJ52F44Z130603,10-17-23
1996,SATURN S SERIES,201,HENDERSON,GOLD,H043546,1G8ZH5288TZ314862,10-17-23
2006,ION,201,HENDERSON,BLUE,H043544,1G8AW18B36Z199655,10-17-23
2007,ION,201,HENDERSON,GRAY,H043646,1G8AJ58F67Z183427,10-17-23
2002,SATURN S SERIES,201,HENDERSON,RED,H043560,1G8ZY12732Z118617,10-17-23
2002,SATURN S SERIES,201,HENDERSON,SILVER,H044061,1G8ZF52852Z187573,10-17-23
2003,VUE,201,HENDERSON,RED,H042953,5GZCZ63B73S871536,10-17-23
2007,ION,201,HENDERSON,SILVER,H042949,1G8AJ55F27Z120247,10-17-23
2004,ION,201,HENDERSON,GREEN,H044119,1G8AJ52F64Z202451,10-17-23
2009,EQUINOX,313,HENDERSON,WHITE,H044024,2CNDL53F196254399,10-16-23
1996,SKYLARK,206,HENDERSON,RED,H043601,1G4NJ52M0TC419934,10-16-23
2006,GRAND PRIX,206,HENDERSON,TEAL,H043579,2G2WP552161156126,10-16-23
1999,VENTURE,313,HENDERSON,BLUE,H042767,1GNDX03E0XD123280,10-16-23
2000,MONTE CARLO,206,HENDERSON,WHITE,H043668,2G1WX12K5Y9376438,10-16-23
1997,BLAZER S10/JIMMY S15,313,HENDERSON,RED,H043695,1GCCS1448VK215325,10-16-23
1995,EIGHTY EIGHT,206,HENDERSON,GOLD,H043930,1G3HY52K2SH321078,10-16-23
2005,VENTURE,313,HENDERSON,GOLD,H043371,1GNDV23E35D143618,10-16-23
1999,VENTURE,313,HENDERSON,WHITE,H043712,1GNDX03E6XD104555,10-16-23
2003,VENTURE,313,HENDERSON,SILVER,H043558,1GNDX13E53D125963,10-16-23
1996,REGAL,206,HENDERSON,TEAL,H043539,2G4WD52K4T1515002,10-16-23
2004,IMPALA,206,HENDERSON,WHITE,H043582,2G1WF52E749394809,10-16-23
1996,LESABRE,206,HENDERSON,TAN,H043605,1G4HP52K1TH451403,10-16-23
2005,TRAILBLAZER,313,HENDERSON,RED,H043468,1GNDS13S852151847,10-16-23
2004,IMPALA,206,HENDERSON,GOLD,H043548,2G1WF52E949306570,10-16-23
1999,BLAZER S10/JIMMY S15,313,HENDERSON,TAN,H043924,1GNCS13W6X2109145,10-16-23
2008,ENVOY,313,HENDERSON,BURGUNDY,H043555,1GKDS13S282211252,10-16-23
2008,IMPALA,206,HENDERSON,GRAY,H043907,2G1WT58N289189887,10-16-23
1998,BLAZER S10/JIMMY S15,313,HENDERSON,WHITE,H043606,1GCDT19W4W8149186,10-16-23
1993,BLAZER/JIMMY (full size),313,HENDERSON,GRAY,H043713,1GKCS13W1P2519865,10-16-23
2002,GRAND AM,206,HENDERSON,WHITE,H043559,1G2NF52F32C135983,10-16-23
2003,MONTE CARLO,206,HENDERSON,GOLD,H043463,2G1WW12E039361979,10-16-23
2000,ASTRO,313,HENDERSON,WHITE,H043210,1GCDM19W0YB174363,10-16-23
1989,CENTURY,206,HENDERSON,WHITE,H043349,1G4AL51N0K6449161,10-16-23
2003,IMPALA,206,HENDERSON,SILVER,H044124,2G1WH55K139348063,10-16-23
2001,MONTE CARLO,206,HENDERSON,BLACK,H044010,2G1WX15K619223374,10-16-23
1998,BLAZER S10/JIMMY S15,313,HENDERSON,BROWN,H043824,1GNDT13W6WK133669,10-16-23
2012,IMPALA,206,HENDERSON,WHITE,H042471,2G1WF5E36C1301785,10-16-23
2000,LESABRE,206,HENDERSON,SILVER,H044034,1G4HP54K8Y4156505,10-16-23
2011,IMPALA,206,HENDERSON,BLACK,H043718,2G1WG5EK9B1285455,10-16-23
2006,TRAILBLAZER,313,HENDERSON,BLUE,H044025,1GNDS13S362124007,10-16-23
2006,ENVOY,313,HENDERSON,BLACK,H042862,1GKES63M162301461,10-16-23
2002,ASTRO,313,HENDERSON,WHITE,H044039,1GCDM19X72B135771,10-16-23
2004,GRAND PRIX,206,HENDERSON,SILVER,H042858,2G2WP522241258875,10-16-23
2013,CAPTIVA SPORT,313,HENDERSON,BLUE,H042897,3GNAL2EK7DS601557,10-16-23
2006,DURANGO,318,HENDERSON,RED,H043976,1D4HD38K36F118406,10-13-23
2006,DURANGO,318,HENDERSON,SILVER,H043848,1D4HD38K06F150701,10-13-23
1997,DODGE 1500 PICKUP,318,HENDERSON,RED,H043268,3B7HC13ZXVG718099,10-13-23
1999,DAKOTA,318,HENDERSON,SILVER,H043270,1B7GG22X4XS129275,10-13-23
2003,DODGE 1500 PICKUP,318,HENDERSON,RED,H043152,1D7HA18N53J523251,10-13-23
2001,DODGE 1500 PICKUP,318,HENDERSON,GRAY,H043700,3B7HF13Z91G731329,10-13-23
1999,DODGE 1500 VAN,318,HENDERSON,WHITE,H044018,2B7JB21Y1XK538004,10-13-23
2007,DURANGO,318,HENDERSON,SILVER,H043191,1D8HD48KX7F560914,10-13-23
1997,DODGE 2500 PICKUP,318,HENDERSON,WHITE,H043864,3B7KF23W8VM517909,10-13-23
1996,DODGE 1500 PICKUP,318,HENDERSON,BLACK,H043950,3B7HC13Y4TG153918,10-13-23
1993,DAKOTA,318,HENDERSON,SILVER,H043959,1B7GL23Y7PS161902,10-13-23
2000,DODGE 3500 VAN,318,HENDERSON,WHITE,H043662,2B7HB11Z5YK104445,10-13-23
2004,DAKOTA,318,HENDERSON,SILVER,H043943,1D7HL38N64S561377,10-13-23
1995,DAKOTA,318,HENDERSON,BLUE,H044019,1B7GL23X2SS369234,10-13-23
2002,DODGE 1500 PICKUP,318,HENDERSON,SILVER,H043866,3D7HA18NX2G174202,10-13-23
2006,SCION TC,101,HENDERSON,WHITE,H043927,JTKDE177060064391,10-12-23
1992,ISUZU RODEO,218,HENDERSON,SILVER,H044020,4S2CG58EXN4318136,10-12-23
1998,COROLLA,101,HENDERSON,BLUE,H043755,1NXBR12EXWZ137375,10-12-23
2004,SORENTO,218,HENDERSON,BLUE,H043987,KNDJC733645238809,10-12-23
2003,CAMRY,101,HENDERSON,SILVER,H043917,4T1BE32K03U760481,10-12-23
1996,CAMRY,101,HENDERSON,GREEN,H043667,JT2BG12K9T0356274,10-12-23
2003,MONTERO SPORT,218,HENDERSON,SILVER,H044014,JA4MT21H13J003717,10-12-23
2002,CAMRY,101,HENDERSON,BLUE,H042904,4T1BE32K22U556098,10-12-23
2003,MAZDA TRIBUTE,218,HENDERSON,BLUE,H043680,4F2CZ04143KM20830,10-12-23
2004,ODYSSEY,218,HENDERSON,BLACK,H044081,5FNRL18084B042867,10-12-23
1995,MITSUBISHI PICKUP,218,HENDERSON,WHITE,H044078,JA7LS21G8SP000592,10-12-23
2009,CAMRY,101,HENDERSON,RED,H043961,4T1BE46K09U296729,10-12-23
2004,CAMRY,101,HENDERSON,SILVER,H043863,4T1CE38P94U806026,10-12-23
1998,CAMRY,101,HENDERSON,GOLD,H043879,JT2BG22K1W0182582,10-12-23
2003,CR-V,218,HENDERSON,BURGUNDY,H044033,JHLRD78863C021908,10-12-23
2005,SPORTAGE,218,HENDERSON,SILVER,H043894,KNDJF723257116561,10-12-23
2007,ENTOURAGE,218,HENDERSON,TAN,H043856,KNDMC233876014004,10-12-23
2011,SORENTO,218,HENDERSON,BLACK,H043892,5XYKT4A28BG080555,10-12-23
2005,SORENTO,218,HENDERSON,WHITE,H044035,KNDJD733455378159,10-12-23
2000,LEXUS RX300,101,HENDERSON,SILVER,H043851,JT6GF10UXY0059873,10-12-23
2008,YARIS,101,HENDERSON,BLACK,H044051,JTDBT923181284689,10-12-23
2006,RANGE ROVER SPORT,218,HENDERSON,WHITE,H044027,SALSF254X6A980072,10-12-23
2011,LR4,218,HENDERSON,GRAY,H043973,SALAG2D43BA551893,10-12-23
2001,ISUZU TROOPER,218,HENDERSON,CHAMPAGNE,H044021,JACDJ58X317J02929,10-12-23
2010,CAMRY,101,HENDERSON,BLACK,H043962,4T1BF3EK9AU085672,10-12-23
1999,ISUZU HOMBRE,218,HENDERSON,WHITE,H044023,1GGCS1444X8651281,10-12-23
2002,ECHO,101,HENDERSON,BLUE,H044083,JTDBT123220220949,10-12-23
2006,SPORTAGE,218,HENDERSON,GRAY,H043893,KNDJF723567171572,10-12-23
1999,CAMRY,101,HENDERSON,GRAY,H043914,4T1BG22K5XU562862,10-12-23
2009,SCION XB,101,HENDERSON,SILVER,H044071,JTLKE50E491068901,10-12-23
2006,VITARA,218,HENDERSON,WHITE,H043946,JS3TE944164101678,10-12-23
2000,COROLLA,101,HENDERSON,BLUE,H043904,1NXBR12E7YZ366986,10-12-23
2004,FREELANDER,218,HENDERSON,GRAY,H043783,SALNY22284A403435,10-12-23
1997,COROLLA,101,HENDERSON,GRAY,H043156,1NXBB02E2VZ626950,10-12-23
2004,CAMRY,101,HENDERSON,SILVER,H043944,4T1BF30K94U578960,10-12-23
2005,MERCEDES S-CLASS,122,HENDERSON,SILVER,H043876,WDBNG75J05A438013,10-11-23
1996,MERCEDES S-CLASS,122,HENDERSON,WHITE,H043932,WDBGA43E7TA306975,10-11-23
1999,MERCEDES E-CLASS,122,HENDERSON,BLACK,H043975,WDBJF65H4XA792208,10-11-23
2001,MERCEDES SLK,122,HENDERSON,SILVER,H043807,WDBKK49F91F171893,10-11-23
1999,MERCEDES CLK,122,HENDERSON,WHITE,H043918,WDBLJ65G3XF096862,10-11-23
2006,MERCEDES R-CLASS,122,HENDERSON,BLACK,H043954,4JGCB65E56A005210,10-11-23
2002,S TYPE,122,HENDERSON,GRAY,H043970,SAJDA03P92GM38258,10-11-23
2011,BMW 328i,122,HENDERSON,SILVER,H043203,WBAPH7G52BNN03758,10-11-23
1996,MERCEDES C-CLASS,122,HENDERSON,WHITE,H043810,WDBHA22E8TF413191,10-11-23
1999,BMW 323i,122,HENDERSON,BLUE,H044008,WBAAM3330XCA84779,10-11-23
2001,MERCEDES CLK,122,HENDERSON,BLACK,H043875,WDBLJ65GX1F188493,10-11-23
2008,BMW 528i,122,HENDERSON,GRAY,H043874,WBANU53538CT05840,10-11-23
2006,MINI COOPER,122,HENDERSON,BLACK,H043834,WMWRE33566TJ39491,10-11-23
2001,BMW 525i,122,HENDERSON,GRAY,H043802,WBADT43461GX25560,10-11-23
2008,BEETLE,120,HENDERSON,WHITE,H043673,3VWPG31Y28M418758,10-11-23
1995,MERCEDES S-CLASS,122,HENDERSON,GOLD,H043793,WDBGA43E3SA205656,10-11-23
2000,MERCEDES CLK,122,HENDERSON,SILVER,H044026,WDBLJ65GXYF150627,10-11-23
2007,BMW 525i,122,HENDERSON,BLACK,H043999,WBANE53537CW61152,10-11-23
1999,MERCEDES C-CLASS,122,HENDERSON,RED,H043678,WDBHA24G1XA785179,10-11-23
2005,ACCENT,113,HENDERSON,WHITE,H043982,KMHCG35C15U349709,10-10-23
2003,RIO,113,HENDERSON,BLACK,H043709,KNADC125536234981,10-10-23
2006,ELANTRA,113,HENDERSON,GREEN,H043749,KMHDN56D66U190281,10-10-23
2004,TIBURON,113,HENDERSON,BLUE,H043869,KMHHM65D84U112187,10-10-23
1999,ELANTRA,113,HENDERSON,SILVER,H043991,KMHJW25F1XU147437,10-10-23
2005,ACCENT,113,HENDERSON,WHITE,H043681,KMHCG35C95U340904,10-10-23
2008,RIO,113,HENDERSON,BLACK,H043626,KNADE123786304643,10-10-23
2007,SONATA,113,HENDERSON,BLUE,H043694,5NPET46C77H190835,10-10-23
2006,ELANTRA,113,HENDERSON,SILVER,H043902,KMHDN46D56U371981,10-10-23
2004,TIBURON,113,HENDERSON,BLUE,H043159,KMHHN65F14U152142,10-10-23
2008,ELANTRA,113,HENDERSON,GRAY,H044002,KMHDU46D58U339103,10-10-23
2007,ACCENT,113,HENDERSON,SILVER,H043859,KMHCM36C17U044978,10-10-23
2005,ACCENT,113,HENDERSON,SILVER,H043811,KMHCG45C35U631386,10-10-23
2010,ELANTRA,113,HENDERSON,SILVER,H043623,KMHDU4AD0AU837917,10-10-23
2005,ACCENT,113,HENDERSON,SILVER,H043532,KMHCG45C25U662192,10-10-23
2014,ELANTRA,113,HENDERSON,BLACK,H043960,KMHD35LH2EU220193,10-10-23
2012,ELANTRA,113,HENDERSON,BLUE,H044005,KMHDH4AE7CU418804,10-10-23
2004,TIBURON,113,HENDERSON,SILVER,H043993,KMHHM65D84U144380,10-10-23
1989,CALAIS,203,HENDERSON,GRAY,H041025,1G3NT54D6KM243816,10-09-23
2000,CIVIC,112,HENDERSON,SILVER,H043957,2HGEJ6610YH521556,10-09-23
2008,HHR,203,HENDERSON,GOLD,H041210,3GNDA23D18S587717,10-09-23
2009,MALIBU,203,HENDERSON,WHITE,H043952,1G1ZG57B49F136142,10-09-23
2008,COBALT,203,HENDERSON,RED,H043751,1G1AK18F887175038,10-09-23
2007,ACCORD,112,HENDERSON,SILVER,H043931,1HGCM56367A175763,10-09-23
2007,CIVIC,112,HENDERSON,WHITE,H043891,JHMFA16537S006906,10-09-23
2002,MALIBU,203,HENDERSON,WHITE,H043164,1G1ND52J12M717704,10-09-23
2008,COBALT,203,HENDERSON,RED,H043253,1G1AL58F987315022,10-09-23
2006,CIVIC,112,HENDERSON,SILVER,H043816,2HGFG12696H558786,10-09-23
2006,MALIBU,203,HENDERSON,TAN,H043862,1G1ZS51F06F228113,10-09-23
1994,CIVIC,112,HENDERSON,WHITE,H043772,JHMEG8658RS016885,10-09-23
2001,MALIBU,203,HENDERSON,WHITE,H041893,1G1ND52J416279456,10-09-23
2008,TORRENT,203,HENDERSON,BLUE,H043232,2CKDL33F586025627,10-09-23
1998,CIVIC,112,HENDERSON,SILVER,H043791,1HGEJ8144WL035961,10-09-23
2000,ACCORD,112,HENDERSON,BLUE,H043922,1HGCG6682YA091403,10-09-23
1994,ACCORD,112,HENDERSON,GRAY,H044028,JHMCD5669RC077048,10-09-23
2002,ACCORD,112,HENDERSON,WHITE,H043562,3HGCG56412G702361,10-09-23
1999,ALERO,203,HENDERSON,WHITE,H041851,1G3NL52T5XC408469,10-09-23
2007,COBALT,203,HENDERSON,BLUE,H041973,1G1AL55F677109398,10-09-23
1998,ACCORD,112,HENDERSON,SILVER,H043581,1HGCG564XWA138116,10-09-23
1990,INTEGRA,112,HENDERSON,BLUE,H043007,JH4DB1563LS019194,10-09-23
2006,HHR,203,HENDERSON,SILVER,H042175,3GNDA23D16S547490,10-09-23
1999,ACCORD,112,HENDERSON,GRAY,H043506,1HGCG6655XA038179,10-09-23
2008,G6,203,HENDERSON,WHITE,H041671,1G2ZH57N484204968,10-09-23
1997,CAVALIER,203,HENDERSON,BLUE,H041114,1G1JC1246V7343596,10-09-23
2004,CIVIC,112,HENDERSON,SILVER,H043368,2HGES26744H516834,10-09-23
2006,COBALT,203,HENDERSON,ORANGE,H043971,1G1AK15F367827095,10-09-23
1990,ACCORD,112,HENDERSON,BLUE,H042839,JHMCB7667LC079860,10-09-23
2008,HHR,203,HENDERSON,GRAY,H042149,3GNDA13D48S588273,10-09-23
2005,CIVIC,112,HENDERSON,GRAY,H042893,1HGEM22015L025936,10-09-23
2002,MALIBU,203,HENDERSON,GOLD,H042188,1G1ND52J32M500431,10-09-23
1989,CUTLASS,203,HENDERSON,WHITE,H041147,2G3AJ51W2K2386388,10-09-23
1995,ACCORD,112,HENDERSON,SILVER,H042842,JHMCD5658SC021597,10-09-23
2011,VERSA,106,HENDERSON,GRAY,H043850,3N1BC1APXBL361326,10-06-23
2010,ALTIMA,106,HENDERSON,,H042777,1N4AL2APXAN469965,10-06-23
2007,NAVIGATOR,312,HENDERSON,BLACK,H042827,5LMFU27597LJ21462,10-06-23
1998,FORD E250 VAN,312,HENDERSON,WHITE,H043592,1FTPE24L6WHB31976,10-06-23
1998,SENTRA,106,HENDERSON,BLACK,H043868,1N4BB41D2WC740626,10-06-23
2006,ALTIMA,106,HENDERSON,GRAY,H043799,1N4AL11D06C169967,10-06-23
2004,FORD E250 VAN,312,HENDERSON,WHITE,H043513,1FTNE24WX4HB19165,10-06-23
1999,FORD F150 PICKUP,312,HENDERSON,BLUE,H043972,1FTZX1728XKB51053,10-06-23
2005,ALTIMA,106,HENDERSON,GRAY,H043779,1N4BL11E45N496663,10-06-23
1997,FORD F150 PICKUP,312,HENDERSON,GOLD,H043736,1FTDX0764VKC55625,10-06-23
2001,FORD F150 PICKUP,312,HENDERSON,SILVER,H043845,1FTRX17W41KA54605,10-06-23
2006,INFINITI M35,106,HENDERSON,SILVER,H043949,JNKAY01E26M103671,10-06-23
1999,NAVIGATOR,312,HENDERSON,BLUE,H043738,5LMPU28A7XLJ33237,10-06-23
2001,MAXIMA,106,HENDERSON,BLUE,H043840,JN1CA31A21T113633,10-06-23
1999,EXPEDITION,312,HENDERSON,GOLD,H043497,1FMRU17L5XLC37315,10-06-23
2004,EXPEDITION,312,HENDERSON,TAN,H043871,1FMPU15L84LA53914,10-06-23
2015,SENTRA,106,HENDERSON,GRAY,H044015,3N1AB7AP8FY237338,10-06-23
1999,FORD F150 PICKUP,312,HENDERSON,SILVER,H042838,1FTZX1726XKB42917,10-06-23
2003,EXPEDITION,312,HENDERSON,BLUE,H043505,1FMFU18L03LB47341,10-06-23
2003,FORD F150 PICKUP,312,HENDERSON,GRAY,H043660,1FTRW08L43KA86944,10-06-23
1999,FORD F250SD PICKUP,312,HENDERSON,TAN,H043685,1FTNX21L5XEC31334,10-06-23
2001,ALTIMA,106,HENDERSON,WHITE,H043896,1N4DL01D51C130355,10-06-23
1996,MAXIMA,106,HENDERSON,GOLD,H043941,JN1CA21D4TT184307,10-06-23
2015,SENTRA,106,HENDERSON,GRAY,H043898,3N1AB7AP1FY335563,10-06-23
2002,INFINITI G20,106,HENDERSON,WHITE,H043625,JNKCP11A52T510303,10-06-23
2004,ALTIMA,106,HENDERSON,GRAY,H043897,1N4AL11E44C173879,10-06-23
1997,EL,312,HENDERSON,WHITE,H043828,1FDEE1429VHB41615,10-06-23
2003,EXPEDITION,312,HENDERSON,BROWN,H043804,1FMPU16L03LA62247,10-06-23
2000,INFINITI I30,106,HENDERSON,TAN,H043758,JNKCA31A4YT208801,10-06-23
2006,SENTRA,106,HENDERSON,BLACK,H043929,3N1CB51D26L538154,10-06-23
1997,MAXIMA,106,HENDERSON,WHITE,H043208,JN1CA21D9VT852668,10-06-23
2005,AUDI A4,120,HENDERSON,SILVER,H043634,WAUAC48H35K008468,10-05-23
2005,JETTA,120,HENDERSON,BLACK,H043703,3VWRF71KX5M609676,10-05-23
1995,VOLVO 850,120,HENDERSON,GRAY,H043411,YV1LS5531S2253997,10-05-23
2008,VOLVO 40 SERIES,120,HENDERSON,BLACK,H043698,YV1MS390382402332,10-05-23
2004,VOLVO 60 SERIES,120,HENDERSON,GRAY,H043795,YV1RS59V542346465,10-05-23
2008,LEXUS LS600HL,120,HENDERSON,GRAY,H043750,YV1RS592882702354,10-05-23
2007,VOLVO XC90,120,HENDERSON,BLACK,H043978,YV4CZ982771365600,10-05-23
2014,AUDI A4,120,HENDERSON,GRAY,H043701,WAUEFBFL0EN033394,10-05-23
2007,AUDI A4,120,HENDERSON,BLUE,H043908,WAUAF78E97A017084,10-05-23
2000,VOLVO 40 SERIES,120,HENDERSON,BLACK,H043860,YV1VW2555YF570275,10-05-23
2004,AUDI ALLROAD,120,HENDERSON,GRAY,H043656,WA1YD64B14N071426,10-05-23
2003,AUDI A4,120,HENDERSON,WHITE,H043979,WAULC68E93A258102,10-05-23
2003,SAAB 9-3,120,HENDERSON,BLUE,H043880,YS3DF78K737007787,10-05-23
2007,AUDI Q7,120,HENDERSON,BLACK,H043765,WA1BY74L67D047514,10-05-23
2002,VOLVO 40 SERIES,120,HENDERSON,GRAY,H043639,YV1SZ58D021063707,10-05-23
2001,JETTA,120,HENDERSON,WHITE,H043900,3VWSK69M31M207957,10-05-23
1999,MIRAGE,118,HENDERSON,SILVER,H043895,JA3AY11AXXU002897,10-04-23
2000,LEGACY,118,HENDERSON,BLACK,H043350,4S3BE6355Y6211403,10-04-23
2004,GALANT,118,HENDERSON,RED,H043501,4A3AB36SX4E123545,10-04-23
2004,MAZDA 3,118,HENDERSON,SILVER,H043849,JM1BK123041198210,10-04-23
2007,OUTLOOK,118,HENDERSON,BLACK,H042270,4S4BP62C777315132,10-04-23
2000,MAZDA PROTEGE,118,HENDERSON,RED,H042307,JM1BJ2224Y0267900,10-04-23
2003,MAZDA 6,118,HENDERSON,YELLOW,H042531,1YVFP80C935M14152,10-04-23
1999,FORESTER,118,HENDERSON,GREEN,H043566,JF1SF6351XH703335,10-04-23
2000,MAZDA PROTEGE,118,HENDERSON,SILVER,H043842,JM1BJ2231Y0206187,10-04-23
2006,MAZDA RX8,118,HENDERSON,TEAL,H043912,JM1FE173860200456,10-04-23
2008,IMPREZA,118,HENDERSON,SILVER,H043664,JF1GH63628G836945,10-04-23
2002,MAZDA PROTEGE,118,HENDERSON,WHITE,H043215,JM1BJ225521589277,10-04-23
2007,MAZDA 5,118,HENDERSON,SILVER,H043443,JM1BK12F171611525,10-04-23
2003,MAZDA 6,118,HENDERSON,RED,H043519,1YVHP80DX35M28997,10-04-23
1990,MAZDA MX-5 MIATA,118,HENDERSON,RED,H043517,JM1NA3512L0136463,10-04-23
1998,GALANT,118,HENDERSON,GRAY,H043175,4A3AJ56G1WE086883,10-04-23
2003,LANCER,118,HENDERSON,BLUE,H043652,JA3AJ26E93U083424,10-04-23
2007,ECLIPSE,118,HENDERSON,ORANGE,H043295,4A3AK24F27E016588,10-04-23
2008,AVENGER,212,HENDERSON,WHITE,H043415,1B3LC46KX8N183895,10-02-23
2003,CAMRY,104,HENDERSON,GRAY,H043568,4T1BE32K13U712813,10-02-23
2007,PT CRUISER,212,HENDERSON,BLUE,H042507,3A4FY48B17T507514,10-02-23
2008,SEBRING,212,HENDERSON,WHITE,H042919,1C3LC56R38N209940,10-02-23
2001,PT CRUISER,212,HENDERSON,RED,H042454,3C8FY4BB61T567275,10-02-23
2002,CAMRY,104,HENDERSON,GRAY,H043549,4T1BE32KX2U566815,10-02-23
1993,CAMRY,104,HENDERSON,GRAY,H043832,4T1SK12E3PU293506,10-02-23
1997,LEXUS ES300,104,HENDERSON,BLUE,H043281,JT8BF22G1V0078287,10-02-23
2005,SEBRING,212,HENDERSON,SILVER,H043516,1C3EL65R45N503598,10-02-23
2002,SEBRING,212,HENDERSON,GRAY,H043366,1C3EL56R82N197588,10-02-23
2005,PT CRUISER,212,HENDERSON,BLUE,H042483,3C4FY58B55T597999,10-02-23
1994,SUNDANCE,212,HENDERSON,WHITE,H043665,3P3AP28K4RT259754,10-02-23
1999,CAMRY,104,HENDERSON,GRAY,H043822,2T1CF22P8XC128455,10-02-23
1998,COROLLA,104,HENDERSON,WHITE,H043837,1NXBR12E4WZ113220,10-02-23
2007,PT CRUISER,212,HENDERSON,SILVER,H042523,3A4FY48B57T597380,10-02-23
2005,PT CRUISER,212,HENDERSON,GOLD,H043493,3C8FY688X5T616040,10-02-23
2008,PT CRUISER,212,HENDERSON,BLUE,H042321,3A8FY68878T183226,10-02-23
2004,PT CRUISER,212,HENDERSON,BLACK,H042006,3C8FY78G54T215149,10-02-23
2009,CALIBER,212,HENDERSON,ORANGE,H043739,1B3HB48A79D157212,10-02-23
2002,STRATUS,212,HENDERSON,WHITE,H043612,1B3EL36X52N185253,10-02-23
2001,COROLLA,104,HENDERSON,GRAY,H043705,1NXBR12E21Z482781,10-02-23
1997,COROLLA,104,HENDERSON,WHITE,H043826,1NXBA02E3VZ612185,10-02-23
2006,SCION TC,104,HENDERSON,BURGUNDY,H043748,JTKDE167660090754,10-02-23
2004,STRATUS,212,HENDERSON,WHITE,H043611,1B3EL36X64N418236,10-02-23
1995,COROLLA,104,HENDERSON,GRAY,H043632,1NXAE09B4SZ251542,10-02-23
2000,LEXUS ES300,104,HENDERSON,BLACK,H043831,JT8BF28G8Y0258071,10-02-23
1999,CAMRY,104,HENDERSON,WHITE,H043812,4T1BG22K8XU886761,10-02-23
2004,CAMRY,104,HENDERSON,BURGUNDY,H043669,4T1BE32K34U344491,10-02-23
2007,CAMRY,104,HENDERSON,GOLD,H043733,4T1BE46K47U129321,10-02-23
2007,PT CRUISER,212,HENDERSON,WHITE,H043575,3A4FY48B37T544287,10-02-23
1997,CAMRY,104,HENDERSON,GRAY,H043631,4T1BG22K4VU153717,10-02-23
2004,STRATUS,212,HENDERSON,PURPLE,H043607,1B3EL36R54N129950,10-02-23
2000,CAMRY,104,HENDERSON,WHITE,H043788,4T1BG22K4YU970352,10-02-23
2004,COROLLA,104,HENDERSON,RED,H043764,1NXBR32E24Z214572,10-02-23
2000,AVALON,104,HENDERSON,GOLD,H043550,4T1BF28BXYU034164,10-02-23
2008,SEBRING,212,HENDERSON,BLUE,H043619,1C3LC46K78N148749,10-02-23
1998,INFINITI QX4,221,HENDERSON,WHITE,H043624,JNRAR05Y1WW040439,09-29-23
2011,ROGUE,221,HENDERSON,WHITE,H042806,JN8AS5MT7BW570632,09-29-23
2002,XTERRA,221,HENDERSON,WHITE,H043395,5N1ED28T32C547944,09-29-23
2006,MURANO,221,HENDERSON,GOLD,H043780,JN8AZ08T76W402648,09-29-23
2005,MURANO,221,HENDERSON,BLACK,H043747,JN8AZ08T25W331440,09-29-23
2001,XTERRA,221,HENDERSON,WHITE,H043322,5N1ED28T71C537609,09-29-23
2004,INFINITI QX56,221,HENDERSON,GRAY,H043378,5N3AA08C84N811251,09-29-23
1992,PATHFINDER,221,HENDERSON,GOLD,H043194,JN8HD17Y6NW027141,09-29-23
2006,XTERRA,221,HENDERSON,BLACK,H043140,5N1AN08U66C523622,09-29-23
2004,XTERRA,221,HENDERSON,TAN,H043591,5N1ED28T24C600099,09-29-23
2003,XTERRA,221,HENDERSON,RED,H042578,5N1ED28Y03C675250,09-29-23
2001,XTERRA,221,HENDERSON,WHITE,H043266,5N1ED28T51C557504,09-29-23
2002,INFINITI QX4,221,HENDERSON,GRAY,H043146,JNRDR09X32W212933,09-29-23
2011,ROGUE,221,HENDERSON,BLACK,H043031,JN8AS5MT9BW576027,09-29-23
2007,XTERRA,221,HENDERSON,TAN,H043578,5N1AN08W97C530096,09-29-23
2011,PATHFINDER,221,HENDERSON,WHITE,H043205,5N1AR1NN2BC618115,09-29-23
2008,PATHFINDER,221,HENDERSON,BLACK,H042654,5N1AR18B28C652047,09-29-23
1997,PATHFINDER,221,HENDERSON,SILVER,H043598,JN8AR05SXVW135466,09-29-23
2007,MONTE CARLO,208,HENDERSON,WHITE,H042655,2G1WJ15K679120692,09-28-23
1996,PARK AVENUE,208,HENDERSON,SILVER,H043676,1G4CW52KXTH638393,09-28-23
2007,IMPALA,208,HENDERSON,WHITE,H041735,2G1WC58R679201072,09-28-23
2000,PARK AVENUE,208,HENDERSON,BROWN,H043817,1G4CW52KXY4209804,09-28-23
2007,IMPALA,208,HENDERSON,SILVER,H042482,2G1WB58K579170029,09-28-23
2008,LUCERNE,208,HENDERSON,BLACK,H042753,1G4HP57288U102715,09-28-23
2002,GRAND PRIX,208,HENDERSON,BLACK,H042393,1G2WP52K72F148040,09-28-23
2013,IMPALA,208,HENDERSON,BLACK,H041744,2G1WG5E37D1105384,09-28-23
2005,IMPALA,208,HENDERSON,GRAY,H042034,2G1WF52E259134870,09-28-23
2004,IMPALA,208,HENDERSON,GOLD,H042729,2G1WF52E149195156,09-28-23
2008,ACCORD,111,HENDERSON,BLACK,H043518,1HGCP26898A133963,09-27-23
2006,CIVIC,111,HENDERSON,GRAY,H043716,2HGFG12856H544501,09-27-23
2002,CIVIC,111,HENDERSON,WHITE,H043563,1HGES25772L047112,09-27-23
2000,TL,111,HENDERSON,SILVER,H043847,19UUA5678YA030368,09-27-23
1998,CIVIC,111,HENDERSON,BLACK,H043488,2HGEJ6571WH542368,09-27-23
2001,CIVIC,111,HENDERSON,GRAY,H043441,2HGES26761H519732,09-27-23
2001,ACCORD,111,HENDERSON,GREEN,H043622,1HGCF86661A059816,09-27-23
2000,CIVIC,111,HENDERSON,WHITE,H043300,1HGEJ8246YL045473,09-27-23
2001,ACCORD,111,HENDERSON,SILVER,H043829,1HGCG16401A012204,09-27-23
2006,ACCORD,111,HENDERSON,BLACK,H043399,1HGCM66846A057663,09-27-23
2000,ACCORD,111,HENDERSON,BLACK,H043808,1HGCG2251YA029284,09-27-23
1992,LEGEND,111,HENDERSON,GREEN,H043573,JH4KA7671NC030163,09-27-23
2004,CIVIC,111,HENDERSON,SILVER,H043465,JHMES95694S007782,09-27-23
1998,ACCORD,111,HENDERSON,BLACK,H043803,1HGCG1655WA058966,09-27-23
1999,CIVIC,111,HENDERSON,BLACK,H043792,2HGEJ6675XH500687,09-27-23
1997,CIVIC,111,HENDERSON,WHITE,H043737,1HGEJ6220VL060467,09-27-23
2000,CIVIC,111,HENDERSON,BLACK,H043790,1HGEJ8249YL061926,09-27-23
2002,ACCORD,111,HENDERSON,WHITE,H043617,1HGCG16572A008967,09-27-23
2013,FOCUS,301,HENDERSON,GRAY,H042580,1FADP3F23DL320981,09-26-23
1997,ESCORT,301,HENDERSON,WHITE,H043419,1FALP13P8VW256582,09-26-23
1997,CONTOUR,301,HENDERSON,BROWN,H042899,1FALP6533VK129382,09-26-23
2019,FIESTA,301,HENDERSON,BLACK,H043119,3FADP4EJ7KM155785,09-26-23
2012,FOCUS,301,HENDERSON,RED,H043574,1FAHP3M26CL137982,09-26-23
2010,MILAN,301,HENDERSON,WHITE,H042480,3MEDM0L35AR615672,09-26-23
2008,COBALT,205,HENDERSON,RED,H043254,1G1AL58F387203994,09-26-23
2000,FOCUS,301,HENDERSON,RED,H043542,3FAFP3131YR211080,09-26-23
2008,FUSION,301,HENDERSON,SILVER,H042972,3FAHP07148R159943,09-26-23
2004,FOCUS,301,HENDERSON,BLUE,H043714,1FAHP38Z44W137776,09-26-23
1992,TRACER,301,HENDERSON,BLUE,H043138,3MAPM10J0NR613230,09-26-23
2010,FOCUS,301,HENDERSON,BLACK,H043588,1FAHP3FN0AW290179,09-26-23
2002,FOCUS,301,HENDERSON,PURPLE,H043359,1FAFP34P02W323730,09-26-23
1997,ASPIRE,301,HENDERSON,BLACK,H043420,KNJLT05H9V6223495,09-26-23
2005,FOCUS,301,HENDERSON,GRAY,H043320,1FAFP34N65W158995,09-26-23
2003,NEON,213,HENDERSON,WHITE,H043193,1B3ES26C93D170059,09-26-23
2012,FIESTA,301,HENDERSON,BLACK,H043341,3FADP4EJ1CM221345,09-26-23
2003,FOCUS,301,HENDERSON,GRAY,H042741,3FAFP37353R119700,09-26-23
2000,FOCUS,301,HENDERSON,WHITE,H043461,1FAFP33PXYW175757,09-26-23
2013,FIESTA,301,HENDERSON,BLACK,H043206,3FADP4BJ1DM136298,09-26-23
2005,ALTIMA,108,HENDERSON,BLACK,H043390,1N4AL11DX5N478672,09-25-23
2019,FORD F350SD PICKUP,224,HENDERSON,UNKNOWN,H042341,1FT8W3DT5KEF52445,09-25-23
2005,INFINITI G35,108,HENDERSON,BLUE,H043500,JNKCV51E65M202068,09-25-23
2004,ALTIMA,108,HENDERSON,SILVER,H043628,1N4AL11D84C142660,09-25-23
2005,SENTRA,108,HENDERSON,BLACK,H043148,3N1CB51D95L581629,09-25-23
2012,VERSA,108,HENDERSON,SILVER,H043554,3N1CN7AP8CL888140,09-25-23
2005,ALTIMA,108,HENDERSON,GOLD,H043466,1N4AL11D05N934064,09-25-23
2011,SENTRA,108,HENDERSON,BLACK,H043776,3N1AB6AP7BL692845,09-25-23
1990,300ZX,108,HENDERSON,GRAY,H043351,JN1RZ26A5LX010451,09-25-23
1997,200SX,108,HENDERSON,SILVER,H043502,1N4BB42D1VC509195,09-25-23
2000,ALTIMA,108,HENDERSON,GOLD,H043036,1N4DL01D1YC115670,09-25-23
2006,ALTIMA,108,HENDERSON,BLACK,H043699,1N4AL11D36N455624,09-25-23
2005,SENTRA,108,HENDERSON,GRAY,H043126,3N1CB51D05L454946,09-25-23
2006,SENTRA,108,HENDERSON,SILVER,H043481,3N1CB51D16L579259,09-25-23
2007,ALTIMA,108,HENDERSON,BLACK,H043682,1N4AL21E37N473301,09-25-23
2012,ALTIMA,108,HENDERSON,WHITE,H043728,1N4AL2AP7CN480361,09-25-23
2002,INFINITI Q45,108,HENDERSON,SILVER,H042513,JNKBF01A22M003586,09-25-23
1998,SENTRA,108,HENDERSON,BLACK,H043440,3N1AB41D3WL048971,09-25-23
2000,SENTRA,108,HENDERSON,WHITE,H043439,3N1CB51D3YL325782,09-25-23
1999,CARAVAN,320,HENDERSON,WHITE,H043387,2B4FP25B8XR260350,09-22-23
2002,ISUZU TROOPER,220,HENDERSON,BLACK,H043653,JACDS58X027J00697,09-22-23
2004,PILOT,220,HENDERSON,TAN,H043538,2HKYF18544H611200,09-22-23
2013,SOUL,220,HENDERSON,SILVER,H043655,KNDJT2A62D7568502,09-22-23
2001,CARAVAN,320,HENDERSON,GRAY,H042514,2B4GP44G21R171832,09-22-23
2014,SOUL,220,HENDERSON,BLACK,H043508,KNDJN2A27E7057943,09-22-23
2005,EL,320,HENDERSON,WHITE,H043334,2D4GP44L75R183869,09-22-23
2005,CARAVAN,320,HENDERSON,GOLD,H043504,2D4GP44L45R312960,09-22-23
2007,ODYSSEY,220,HENDERSON,SILVER,H043583,5FNRL38657B066113,09-22-23
2004,SANTA FE,220,HENDERSON,BLACK,H043314,KM8SC13D44U621286,09-22-23
2003,SANTA FE,220,HENDERSON,WHITE,H043674,KM8SC73D23U537050,09-22-23
2005,PACIFICA,320,HENDERSON,WHITE,H043217,2C8GF68465R339543,09-22-23
2006,PACIFICA,320,HENDERSON,BLUE,H043477,2A4GM68486R673379,09-22-23
2005,SANTA FE,220,HENDERSON,BLACK,H043176,KM8SC13D25U931275,09-22-23
2002,ISUZU RODEO,220,HENDERSON,WHITE,H043219,4S2CK58W824315559,09-22-23
1985,VOYAGER,320,HENDERSON,WHITE,H043051,2P4FH21G2FR109502,09-22-23
2003,CARAVAN,320,HENDERSON,SILVER,H043692,2D4GP44393R310117,09-22-23
2005,TUCSON,220,HENDERSON,WHITE,H043192,KM8JM12B75U189450,09-22-23
2007,TOWN & COUNTRY,320,HENDERSON,WHITE,H042921,2A4GP44R77R191159,09-22-23
1992,ISUZU TROOPER,220,HENDERSON,GOLD,H043640,JACDH58W2N7902257,09-22-23
2000,TOWN & COUNTRY,320,HENDERSON,WHITE,H043666,1C4GP44G9YB787278,09-22-23
2005,CARAVAN,320,HENDERSON,SILVER,H042932,1D4GP24R05B227847,09-22-23
2006,TOWN & COUNTRY,320,HENDERSON,RED,H043595,1A4GP45R76B583134,09-22-23
2002,SPORTAGE,220,HENDERSON,BLUE,H043531,KNDJB723825172507,09-22-23
2016,SOUL,220,HENDERSON,WHITE,H043174,KNDJN2A20G7839116,09-22-23
2001,MONTERO SPORT,220,HENDERSON,GRAY,H043616,JA4LS31H01P030132,09-22-23
2005,CARAVAN,320,HENDERSON,WHITE,H042561,1D4GP24R75B397610,09-22-23
2002,CARAVAN,320,HENDERSON,WHITE,H043509,2B4GP44342R572684,09-22-23
2002,UNKNOWN,220,HENDERSON,TAN,H043651,JS3TY92V724107658,09-22-23
2003,TOWN & COUNTRY,320,HENDERSON,RED,H043442,2C4GP44353R276612,09-22-23
2010,MAZDA CX-9,220,HENDERSON,BLUE,H043478,JM3TB2MV4A0203667,09-22-23
2004,SANTA FE,220,HENDERSON,TEAL,H043535,KM8SB12B04U828891,09-22-23
2008,CARAVAN,320,HENDERSON,GRAY,H043404,2D8HN44H68R136499,09-22-23
2004,SEDONA,220,HENDERSON,GRAY,H043265,KNDUP131X46547240,09-22-23
2006,TOWN & COUNTRY,320,HENDERSON,WHITE,H042138,2A4GP44R66R844255,09-22-23
2013,SONIC,205,HENDERSON,BLUE,H043479,1G1JC5SH4D4226979,09-20-23
2005,UNKNOWN,205,HENDERSON,WHITE,H043237,1G1ND52F45M203247,09-20-23
2004,AVEO,205,HENDERSON,SILVER,H042170,KL1TD52604B197267,09-20-23
2007,HHR,205,HENDERSON,BLACK,H042511,3GNDA13D87S628210,09-20-23
1996,BERETTA,205,HENDERSON,BLUE,H042582,1G1LV15MXTY114599,09-20-23
2006,TORRENT,205,HENDERSON,WHITE,H042168,2CKDL63F666088329,09-20-23
2010,G6,205,HENDERSON,WHITE,H041905,1G2ZA5E00A4118381,09-20-23
2003,CAVALIER,205,HENDERSON,RED,H042505,1G1JC12F937158280,09-20-23
2009,HHR,205,HENDERSON,MAROON,H041264,3GNCA13B89S506752,09-20-23
2008,HHR,205,HENDERSON,GRAY,H043218,3GNDA53P38S641675,09-20-23
2008,HHR,205,HENDERSON,RED,H042187,3GNDA23D48S641253,09-20-23
2001,MALIBU,205,HENDERSON,BURGUNDY,H043462,1G1ND52J716229828,09-20-23
2003,SUNFIRE,205,HENDERSON,GOLD,H041533,1G2JB12F137253270,09-20-23
2006,VIBE,205,HENDERSON,GRAY,H043012,5Y2SL65836Z438050,09-20-23
1998,MALIBU,205,HENDERSON,BURGUNDY,H042941,1G1ND52T0W6149019,09-20-23
2002,MALIBU,205,HENDERSON,WHITE,H043313,1G1ND52J92M672625,09-20-23
2013,SONIC,205,HENDERSON,BLACK,H043243,1G1JC6SBXD4130226,09-20-23
2004,PT CRUISER,213,HENDERSON,RED,H042961,3C4FY48B84T269551,09-19-23
2010,SEBRING,213,HENDERSON,WHITE,H043327,1C3CC5FD3AN190719,09-19-23
2004,PT CRUISER,213,HENDERSON,SILVER,H043025,3C4FY58B04T257352,09-19-23
2004,PT CRUISER,213,HENDERSON,GRAY,H043231,3C4FY58864T200478,09-19-23
2009,AVENGER,213,HENDERSON,BLACK,H043292,1B3LC56D49N505293,09-19-23
2007,CALIBER,213,HENDERSON,WHITE,H043070,1B3HE78K87D534046,09-19-23
2013,DART,213,HENDERSON,BLACK,H043274,1C3CDFBH5DD214427,09-19-23
1992,NEW YORKER (FWD),213,HENDERSON,BURGUNDY,H043449,1C3XV66L7ND849275,09-19-23
2007,SEBRING,213,HENDERSON,SILVER,H043520,1C3LC46KX7N509745,09-19-23
2008,CALIBER,213,HENDERSON,BLACK,H043494,1B3HB28B78D797948,09-19-23
2008,SEBRING,213,HENDERSON,SILVER,H043406,1C3LC46J68N284264,09-19-23
2005,PT CRUISER,213,HENDERSON,TAN,H043102,3C4FY58B65T514984,09-19-23
2005,PT CRUISER,213,HENDERSON,RED,H043035,3C4FY48B75T636862,09-19-23
2012,CALIBER,213,HENDERSON,WHITE,H043412,1C3CDWDA1CD536304,09-19-23
2007,CALIBER,213,HENDERSON,SILVER,H043396,1B3HB48B77D576585,09-19-23
2010,SEBRING,213,HENDERSON,GRAY,H043641,1C3CC4FB3AN219726,09-19-23
2003,STRATUS,213,HENDERSON,BLACK,H043426,1B3EL46X43N515472,09-19-23
1989,GMC 1500 PICKUP,317,HENDERSON,BLUE,H043139,1GTFC24K9KE512175,09-18-23
2001,EXPRESS 1500 VAN,317,HENDERSON,WHITE,H041994,1GCFG25M011159674,09-18-23
1995,UNKNOWN,317,HENDERSON,GREEN,H042805,1GBEG25K4SF165173,09-18-23
1994,CHEVROLET 1500 PICKUP,317,HENDERSON,BLUE,H042562,1GCDC14K4RZ141091,09-18-23
1978,UNKNOWN,317,HENDERSON,BROWN,H043160,TCS168F506837,09-18-23
1997,EL,224,HENDERSON,WHITE,H041745,1GBJG31R7V1093670,09-18-23
2003,TRAILBLAZER EXT,317,HENDERSON,GRAY,H041984,1GNES16S536123154,09-18-23
1989,INTEGRA,317,HENDERSON,SILVER,H043594,1GCFC24K4KE212673,09-18-23
2005,ENVOY XL,317,HENDERSON,GRAY,H041872,1GKET16S456195587,09-18-23
2005,TRAILBLAZER EXT,317,HENDERSON,BLACK,H042176,1GNES16S656142265,09-18-23
2003,TAHOE,317,HENDERSON,SILVER,H043150,1GNEC13Z83R260974,09-18-23
2020,SILVERADO 1500 PICKUP,224,HENDERSON,BRONZE,H042938,3GCNWAEF8LG333974,09-18-23
2004,ENVOY XUV,317,HENDERSON,GRAY,H040777,1GKES12S046180060,09-18-23
1994,CHEVROLET 2500 PICKUP,317,HENDERSON,WHITE,H043431,1GTGC24K8RE561446,09-18-23
2003,ENVOY XL,317,HENDERSON,BLACK,H042052,1GKES16S936185640,09-18-23
1999,YUKON,317,HENDERSON,GREEN,H043369,1GKEC13R8XJ809011,09-18-23
2005,ESCALADE,317,HENDERSON,SILVER,H042617,1GYEK63N05R232010,09-18-23
2002,JETTA,121,HENDERSON,BLACK,H043337,3VWSE69M12M163739,09-15-23
2007,AUDI A4,121,HENDERSON,GRAY,H043394,WAUAF78EX7A145740,09-15-23
1994,FORD F150 PICKUP,310,HENDERSON,BLUE,H043596,1FTEX15N4RKB27220,09-15-23
2003,EXPEDITION,310,HENDERSON,GRAY,H043484,1FMFU16L13LA75536,09-15-23
2000,EXPEDITION,310,HENDERSON,RED,H042997,1FMPU18LXYLA04683,09-15-23
2001,FORD F150 PICKUP,310,HENDERSON,WHITE,H043427,2FTPX18ZX1CA81375,09-15-23
2004,VOLVO 80 SERIES,121,HENDERSON,RED,H043485,YV1MS682542022794,09-15-23
2002,EXPEDITION,310,HENDERSON,BLUE,H043325,1FMRU15W72LA10181,09-15-23
2008,VOLVO XC90,121,HENDERSON,BLACK,H043305,YV4CZ982181460834,09-15-23
2005,PASSAT,121,HENDERSON,GRAY,H042495,WVWAD63B15E030515,09-15-23
2007,FORD E350 VAN,310,HENDERSON,GRAY,H043248,1FBSS31S34HA50746,09-15-23
2001,EXPEDITION,310,HENDERSON,WHITE,H042887,1FMRU15WX1LB47288,09-15-23
1994,VOLVO 850,121,HENDERSON,RED,H043418,YV1LW5524R2021660,09-15-23
2012,LEXUS LS600HL,121,HENDERSON,BLACK,H043284,YV1622FS9C2103767,09-15-23
1991,FORD F250 PICKUP,310,HENDERSON,ORANGE,H043576,1FTHX26H7MKA45311,09-15-23
2004,BEETLE,121,HENDERSON,SILVER,H043293,3VWBK21CX4M400901,09-15-23
2010,JETTA,121,HENDERSON,BLACK,H043213,3VWJX7AJ9AM075520,09-15-23
1989,VOLVO 740,121,HENDERSON,WHITE,H043401,YV1FX8842K1372863,09-15-23
2000,BEETLE,121,HENDERSON,BLUE,H043414,3VWCD21C7YM484146,09-15-23
2005,JETTA,121,HENDERSON,SILVER,H043289,3VWDF71K05M638419,09-15-23
2005,AUDI A4,121,HENDERSON,BLACK,H043491,WAUJC68E75A118964,09-15-23
2001,EXPEDITION,310,HENDERSON,SILVER,H043577,1FMRU15W71LB41075,09-15-23
2006,VOLVO 70 SERIES,121,HENDERSON,GRAY,H043599,YV1SW592361535250,09-15-23
2006,AUDI A6,121,HENDERSON,SILVER,H043246,WAUAH74F26N126079,09-15-23
2001,FORD F150 PICKUP,310,HENDERSON,RED,H043435,1FTRX17W01KF65244,09-15-23
2000,FORD F150 PICKUP,310,HENDERSON,WHITE,H043585,1FTRX17W7YNB75539,09-15-23
2010,JETTA,121,HENDERSON,BLACK,H043381,3VWRZ7AJ7AM140037,09-15-23
2003,EXPEDITION,310,HENDERSON,GREEN,H043142,1FMPU18L93LB15928,09-15-23
2009,RABBIT,121,HENDERSON,GRAY,H043448,WVWDA71K19W098523,09-15-23
2010,CC,121,HENDERSON,SILVER,H042954,WVWMP7AN8AE535467,09-15-23
2004,EXPEDITION,310,HENDERSON,RED,H043376,1FMRU13W54LA48448,09-15-23
1997,FORD F150 PICKUP,310,HENDERSON,WHITE,H043496,1FTDF17W7VKC39766,09-15-23
2000,EXPEDITION,310,HENDERSON,BLUE,H043495,1FMRU17L2YLC21123,09-15-23
2005,MUSTANG,305,HENDERSON,BLUE,H043301,1ZVFT80N355239125,09-07-23
1995,GRAND MARQUIS,306,HENDERSON,WHITE,H043358,2MELM75WXSX623605,09-07-23
1997,GRAND MARQUIS,306,HENDERSON,TAN,H043312,2MELM74W3VX634208,09-07-23
1979,LINCOLN MARK SERIES,306,HENDERSON,WHITE,H042583,8Y89A955100,09-07-23
2003,CROWN VICTORIA,306,HENDERSON,BLUE,H043425,2FAHP74W63X145013,09-07-23
1996,THUNDERBIRD,306,HENDERSON,BLUE,H043271,1FALP62W6TH149232,09-07-23
2000,MUSTANG,305,HENDERSON,GREEN,H043367,1FAFP42X0YF125764,09-07-23
1997,MUSTANG,305,HENDERSON,GREEN,H042000,1FALP4043VF161097,09-07-23
1999,MUSTANG,305,HENDERSON,WHITE,H043459,1FAFP4446XF158575,09-07-23
2000,MUSTANG,305,HENDERSON,RED,H043299,1FAFP42X3YF305093,09-07-23
2002,MUSTANG,305,HENDERSON,SILVER,H043244,1FAFP40452F233166,09-07-23
2005,LANCER,116,HENDERSON,RED,H043032,JA3AJ26E65U008103,08-30-23
2003,ECLIPSE,116,HENDERSON,GRAY,H040930,4A3AC44G73E116181,08-30-23
1985,MAZDA 626,116,HENDERSON,SILVER,H043100,JM1GC2212F1725156,08-30-23
2006,LEGACY,116,HENDERSON,SILVER,H043009,4S3BP626X67362460,08-30-23
2005,LEGACY,116,HENDERSON,BLUE,H043324,4S3BP676854317901,08-30-23
2004,MAZDA RX8,116,HENDERSON,SILVER,H042640,JM1FE173840125108,08-30-23
1999,GALANT,116,HENDERSON,BLUE,H042492,4A3AA46G7XE154678,08-30-23
2004,MAZDA RX8,116,HENDERSON,BLACK,H043011,JM1FE173840123701,08-30-23
2000,LEGACY,116,HENDERSON,GREEN,H042721,4S3BH6657Y6625382,08-30-23
1993,MAZDA MX-3,116,HENDERSON,BLACK,H042775,JM1EC4312P0214636,08-30-23
2006,MAZDA 3,116,HENDERSON,GRAY,H043066,JM1BK323261423452,08-30-23
2001,LEGACY,116,HENDERSON,GREEN,H042715,4S3BH686716630464,08-30-23
2002,GALANT,116,HENDERSON,WHITE,H042372,4A3AA46G12E083826,08-30-23
1994,MAZDA MX-3,116,HENDERSON,BLACK,H042652,JM1EC4356R0306743,08-30-23
2003,ECLIPSE,116,HENDERSON,RED,H043113,4A3AC34G13E007077,08-30-23
2004,GALANT,116,HENDERSON,GRAY,H042750,4A3AB36FX4E086726,08-30-23
1998,DIAMANTE,116,HENDERSON,SILVER,H043145,6MMAP37P1WT006262,08-30-23
2006,LEGACY,116,HENDERSON,GREEN,H042517,4S4BP61C167356789,08-30-23
1999,TAHOE,315,HENDERSON,BLACK,H042722,1GNEK13R3XJ451676,08-25-23
1994,CHEVROLET 1500 PICKUP,315,HENDERSON,BURGUNDY,H043222,2GCEC19K4R1254030,08-25-23
2002,ESCALADE,315,HENDERSON,SILVER,H042988,1GYEK63NX2R322826,08-25-23
2000,EXPRESS 1500 VAN,315,HENDERSON,WHITE,H042945,1GCHG39R2Y1133530,08-25-23
1998,GMC 1500 PICKUP,315,HENDERSON,BLACK,H042591,2GCEC19R2W1235369,08-25-23
1994,CHEVROLET 1500 PICKUP,315,HENDERSON,BURGUNDY,H042818,1GCEC19K0RE157115,08-25-23
1998,SAVANA 1500 VAN,315,HENDERSON,WHITE,H042727,1GTGG29R5W1068899,08-25-23
2003,SIERRA 1500 PICKUP,315,HENDERSON,GOLD,H043054,1GTEK19T63E238350,08-25-23
1997,SUBURBAN 1500,315,HENDERSON,GREEN,H042720,3GNFK16R0VG108774,08-25-23
2006,SIERRA 1500 PICKUP,315,HENDERSON,GOLD,H042861,1GTEC19V16E226982,08-25-23
2003,ENVOY XL,315,HENDERSON,GRAY,H043005,1GKES16P336223312,08-25-23
2003,TRAILBLAZER EXT,315,HENDERSON,GOLD,H042717,1GNET16S336203517,08-25-23
2001,TAHOE,315,HENDERSON,GRAY,H042730,1GNEC13T51R203026,08-25-23
2000,ESCALADE,315,HENDERSON,GRAY,H042597,1GYEK63R5YR189808,08-25-23
1999,SUBURBAN 1500,315,HENDERSON,WHITE,H042974,3GNFK16R2XG110853,08-25-23
2007,300,216,HENDERSON,BLACK,H042920,2C3LA63H17H680807,08-24-23
1997,INTREPID,216,HENDERSON,BLUE,H043030,2B3HD46F8VH653657,08-24-23
2010,CHARGER,216,HENDERSON,RED,H042892,2B3CA3CV0AH264255,08-24-23
2000,LHS,216,HENDERSON,SILVER,H042931,2C3HC56G1YH438162,08-24-23
2009,CHARGER,216,HENDERSON,BLACK,H042896,2B3KA43D49H574252,08-24-23
2006,300,216,HENDERSON,GRAY,H042263,2C3LA43R26H284865,08-24-23
2007,MAGNUM,216,HENDERSON,RED,H042825,2D4FV47T67H780064,08-24-23
2007,CHARGER,216,HENDERSON,SILVER,H042689,2B3KA43R67H607065,08-24-23
2011,CHARGER,216,HENDERSON,BLACK,H042509,2B3CL3CG6BH527121,08-24-23
2006,CHARGER,216,HENDERSON,WHITE,H042484,2B3KA53H56H191795,08-24-23
2005,300,216,HENDERSON,SILVER,H042234,2C3JA53G15H547390,08-24-23
2000,300M,216,HENDERSON,BURGUNDY,H042199,2C3HE66G9YH418502,08-24-23
2000,300M,216,HENDERSON,WHITE,H042273,2C3HE66G6YH433023,08-24-23
2006,CHARGER,216,HENDERSON,GREEN,H042024,2B3LA53H16H489071,08-24-23
2006,CHARGER,216,HENDERSON,SILVER,H043082,2B3KA43R36H190938,08-24-23
2010,CHARGER,216,HENDERSON,,H042768,2B3CA3CV4AH227516,08-24-23
2010,CHARGER,216,HENDERSON,BLACK,H043099,2B3CA9CV2AH288110,08-24-23
2006,300,216,HENDERSON,SILVER,H042948,2C3LA53G36H123042,08-24-23
1995,COUGAR,305,HENDERSON,WHITE,H042464,1MELM62W7SH642675,08-18-23
2007,CROWN VICTORIA,306,HENDERSON,BLACK,H042867,2FAHP71W27X108521,08-18-23
2006,MUSTANG,305,HENDERSON,SILVER,H041679,1ZVFT80N065155488,08-18-23
2000,MUSTANG,305,HENDERSON,WHITE,H042289,1FAFP4041YF236137,08-18-23
2006,MUSTANG,305,HENDERSON,BLUE,H043015,1ZVFT80N765142219,08-18-23
2007,CROWN VICTORIA,306,HENDERSON,BLACK,H042624,2FAFP71W37X115310,08-18-23
2007,GRAND MARQUIS,306,HENDERSON,TAN,H042430,2MEFM74W67X610162,08-18-23
1985,FIREBIRD,211,HENDERSON,WHITE,H040670,1G2FW87H3FL650763,08-18-23
2002,CAMARO,211,HENDERSON,RED,H042345,2G1FP22K422127988,08-18-23
1994,MUSTANG,305,HENDERSON,WHITE,H041807,1FALP4442RF182877,08-18-23
1999,MUSTANG,305,HENDERSON,BLUE,H041740,1FAFP4047XF164133,08-18-23
1994,GRAND MARQUIS,306,HENDERSON,WHITE,H043037,2MELM75W2RX700445,08-18-23
2000,GRAND MARQUIS,306,HENDERSON,BLACK,H042139,2MEFM74W6YX657046,08-18-23
1994,CAMARO,211,HENDERSON,RED,H041160,2G1FP22SXR2141372,08-18-23
1996,LINCOLN MARK SERIES,306,HENDERSON,WHITE,H042822,1LNLM91V8TY706926,08-18-23
2001,MUSTANG,305,HENDERSON,BLACK,H042600,1FAFP444X1F122699,08-18-23
1996,GRAND MARQUIS,306,HENDERSON,GOLD,H042740,2MELM75W4TX651370,08-18-23
2004,CROWN VICTORIA,306,HENDERSON,BLUE,H042913,2FAFP71W04X101277,08-18-23
1987,FIERO,211,HENDERSON,BLACK,H042294,1G2PM11R4HP213787,08-18-23
1986,CAMARO,211,HENDERSON,RED,H040818,1G1FP87F2GL198516,08-18-23
1997,LINCOLN & TOWN CAR,306,HENDERSON,SILVER,H042468,1LNLM81W9VY607280,08-18-23
1962,CORVAIR,211,HENDERSON,ORANGE,H043003,209270111346,08-18-23
1977,LINCOLN MARK SERIES,306,HENDERSON,GOLD,H042310,7Y89A918979,08-18-23
2002,GRAND MARQUIS,306,HENDERSON,BLUE,H042674,2MEFM74WX2X604941,08-18-23
1995,FIREBIRD,211,HENDERSON,BLACK,H042266,2G2FV22P6S2225367,08-18-23
2003,MUSTANG,305,HENDERSON,GREEN,H042167,1FAFP40463F373731,08-18-23
2002,MUSTANG,305,HENDERSON,WHITE,H042939,1FAFP40462F130466,08-18-23
2000,MUSTANG,305,HENDERSON,RED,H042535,1FAFP4040YF138362,08-18-23
2007,CROWN VICTORIA,306,HENDERSON,BLUE,H042377,2FAFP71W07X120366,08-18-23
1978,CAMARO,211,HENDERSON,BLACK,H040724,1Q87U8L620030,08-18-23
2001,COUGAR,305,HENDERSON,SILVER,H042883,1ZWFT61L715608320,08-18-23
1969,OLDSMOBILE,224,HENDERSON,GREEN,H031891,384399M127916,08-12-22
1984,CAMARO,211,HENDERSON,BROWN,H035353,1G1AP87G6EL249323,08-12-22
1991,CAMARO,211,HENDERSON,WHITE,H035007,1G1FP23E8LL104708,08-12-22
1999,TAURUS,303,HENDERSON,BLUE,H039464,1FAFP53S1XG137018,08-02-23
2006,TAURUS,303,HENDERSON,SILVER,H041510,1FAHP53U96A237220,08-02-23
2010,TAURUS,303,HENDERSON,WHITE,H041959,1FAHP2EW7AG139824,08-02-23
1991,TAURUS,303,HENDERSON,SILVER,H040938,1FACP57U2MG127849,08-02-23
2003,TAURUS,303,HENDERSON,WHITE,H040381,1FAFP55S13G238664,08-02-23
2000,TAURUS,303,HENDERSON,RED,H042061,1FAFP55UXYA238108,08-02-23
2002,SABLE,303,HENDERSON,SILVER,H040586,1MEFM50U72A620998,08-02-23
1998,TAURUS,303,HENDERSON,RED,H041812,1FAFP53S3WG251553,08-02-23
2004,SABLE,303,HENDERSON,GRAY,H042383,1MEFM50U24A600788,08-02-23
2004,TAURUS,303,HENDERSON,RED,H041772,1FAHP53224G178990,08-02-23
2007,TAURUS,303,HENDERSON,BLUE,H042623,1FAFP56U47A175634,08-02-23
2006,FIVE HUNDRED,303,HENDERSON,BLACK,H042066,1FAFP27196G178821,08-02-23
2004,TAURUS,303,HENDERSON,GRAY,H041477,1FAFP55S14G194456,08-02-23
2005,FIVE HUNDRED,303,HENDERSON,TEAL,H042035,1FAFP27125G195295,08-02-23
2006,FIVE HUNDRED,303,HENDERSON,RED,H041451,1FAHP25146G182836,08-02-23
2002,TAURUS,303,HENDERSON,BLUE,H041817,1FAFP52U02A181655,08-02-23
2005,FIVE HUNDRED,303,HENDERSON,BLACK,H041507,1FAFP26195G175921,08-02-23
2005,FIVE HUNDRED,303,HENDERSON,GRAY,H040642,1FAFP23165G152438,08-02-23
2014,FUSION,302,HENDERSON,RED,H042091,3FA6P0HD7ER291994,08-01-23
2007,QUEST,222,HENDERSON,BLACK,H041991,5N1BV28U57N109401,07-21-23
2005,MURANO,222,HENDERSON,GRAY,H042274,JN8AZ08T35W320320,07-21-23
1999,INFINITI QX4,222,HENDERSON,GOLD,H042067,JNRAR05Y7XW041824,07-21-23
2001,PATHFINDER,222,HENDERSON,BLACK,H039892,JN8DR07Y51W508180,07-21-23
1999,INFINITI QX4,222,HENDERSON,BLACK,H042250,JNRAR07Y5XW063091,07-21-23
1990,AXXESS,222,HENDERSON,SILVER,H042427,JN1HM15P9LX008194,07-21-23
1998,VILLAGER,222,HENDERSON,BLUE,H042169,4M2ZV1110WDJ22150,07-21-23
2007,XTERRA,222,HENDERSON,BLACK,H042212,5N1AN08W77C515029,07-21-23
2007,ARMADA,222,HENDERSON,SILVER,H042086,5N1BA08C87N706291,07-21-23
2006,MURANO,222,HENDERSON,WHITE,H042332,JN8AZ08T06W404855,07-21-23
2010,XTERRA,222,HENDERSON,BLACK,H042074,5N1AN0NU5AC521955,07-21-23
2005,GRAND PRIX,208,HENDERSON,GRAY,H040333,2G2WS522651203121,07-11-23
2000,BONNEVILLE,208,HENDERSON,GOLD,H042049,1G2HX54K5Y4204907,07-11-23
2005,LESABRE,208,HENDERSON,GREEN,H040711,1G4HP52K75U258585,07-11-23
1992,REGAL,208,HENDERSON,GOLD,H040729,2G4WB54L5N1498077,07-11-23
2002,CENTURY,208,HENDERSON,GOLD,H040601,2G4WS52J321182724,07-11-23
2002,CENTURY,208,HENDERSON,GOLD,H040354,2G4WS52J321114293,07-11-23
1995,BONNEVILLE,208,HENDERSON,WHITE,H040311,1G2HX52KXS4277524,07-11-23
2002,GRAND PRIX,208,HENDERSON,BLUE,H040309,1G2WK52J22F270634,07-11-23
2008,MAGNUM,215,HENDERSON,WHITE,H041987,2D4FV47T58H111933,07-03-23
2005,300,215,HENDERSON,GREEN,H041570,2C3AA53G45H153981,07-03-23
1999,SAVANA 1500 VAN,224,HENDERSON,WHITE,H038922,1GDJG31R5X1017939,06-29-23
2000,GRAND MARQUIS,307,HENDERSON,WHITE,H041643,2MEFM75W7YX713980,06-27-23
2010,GRAND MARQUIS,307,HENDERSON,GRAY,H041640,2MEBM7FV6AX635783,06-27-23
1997,THUNDERBIRD,307,HENDERSON,SILVER,H041859,1FALP62W9VH168327,06-27-23
1994,LINCOLN MARK SERIES,307,HENDERSON,WHITE,H041641,1LNLM91V7RY632990,06-27-23
1998,LINCOLN MARK SERIES,307,HENDERSON,GRAY,H041106,1LNFM92V3WY634307,06-27-23
2000,CROWN VICTORIA,307,HENDERSON,GREEN,H041798,2FAFP74W8YX155105,06-27-23
1998,LINCOLN & TOWN CAR,307,HENDERSON,SILVER,H041324,1LNFM82W1WY658852,06-27-23
2001,CROWN VICTORIA,307,HENDERSON,WHITE,H041462,2FAFP71W71X203266,06-27-23
1994,THUNDERBIRD,307,HENDERSON,TEAL,H041529,1FALP6241RH123256,06-27-23
1995,GRAND MARQUIS,307,HENDERSON,SILVER,H041282,2MELM75W4SX623440,06-27-23
2001,LINCOLN LS,307,HENDERSON,WHITE,H041205,1LNHM87A11Y731488,06-27-23
1996,GRAND MARQUIS,307,HENDERSON,TEAL,H041191,2MELM74W7TX699544,06-27-23
1999,CROWN VICTORIA,307,HENDERSON,WHITE,H041143,2FAFP7192XX149796,06-27-23
1992,LINCOLN & TOWN CAR,307,HENDERSON,WHITE,H041142,1LNLM82W1NY603156,06-27-23
2001,LINCOLN & TOWN CAR,307,HENDERSON,BLACK,H041912,1LNHM83W51Y723749,06-27-23
1997,LINCOLN MARK SERIES,307,HENDERSON,TAN,H040987,1LNLM91V6VY608934,06-27-23
2005,CROWN VICTORIA,307,HENDERSON,GRAY,H041773,2FAHP71W15X157383,06-27-23
1980,CENTURY,201,HENDERSON,WHITE,H040559,4Z57RAE412255,06-16-23
1966,DART,201,HENDERSON,GRAY,H041082,1962084252,06-16-23
1995,NISSAN PICKUP,222,HENDERSON,GRAY,H041102,1N6SD11S0SC359754,05-26-23
1991,NISSAN PICKUP,222,HENDERSON,RED,H040591,1N6SD11S7MC326544,05-26-23
1995,NISSAN PICKUP,222,HENDERSON,PURPLE,H040756,1N6HD16S6SC400195,05-26-23
1998,FRONTIER,222,HENDERSON,WHITE,H040956,1N6DD26S5WC382735,05-26-23
1973,TORONADO,210,HENDERSON,BLUE,H028565,3Y57W3M702584,02-18-22
1985,LESABRE,210,HENDERSON,GRAY,H039119,1G4BP69Y6FX430546,02-10-23
1984,EIGHTY EIGHT,210,HENDERSON,BLUE,H038659,1G3AN69Y1EX426084,02-10-23
1996,CAPRICE,210,HENDERSON,WHITE,H039095,1G1BL52W9TR195121,02-10-23
1974,PLYMOUTH PASS.,210,HENDERSON,YELLOW,H038698,RH23G5A110654,02-10-23